symbol,id,name,issueDate,quantityIssued,parValue,issuedPrice,lastTradedPrice,wtdHiPrice,mtdHiPrice,ytdHiPrice,p12HiPrice,allHiPrice,allLowPrice,wtdLowPrice,mtdLowPrice,ytdLowPrice,p12LowPrice,tdyShareVolume,wdyShareVolume,mtdShareVolume,ytdShareVolume,p12ShareVolume,tdyTradeVolume,wtdTradeVolume,mtdTradeVolume,ytdTradeVolume,p12TradeVolume,tdyTurnover,wtdTurnover,mtdTurnover,ytdTurnover,p12Turnover,previousClose,foreignHoldings,foreignPercentage,instrumentsDate,hiTrade,lowTrade,closingPrice,marketCap,marketCapPercentage,change,changePercentage,symbolIndexShareVolume,isin,logo_id,logo_path,logo_secId,beta_securityId,beta_triASIBetaValue,beta_betaValueSPSL,beta_triASIBetaPeriod,beta_quarter
AFSL.N0000,1845,ABANS FINANCE PLC,27/JUN/2011,73693171,1.0,,109.0,110.0,110.0,120.0,120.0,120.0,12.0,90.2,82.9,70.3,40.3,16012,78979,91915,1004484,2762835,64,,,,,1696466.2,8109189.0,9296812.0,95621720.0,,108.0,,,,110.0,103.0,109.0,8032555639.0,0.09889364,1.0,0.9259259259259259,73693171.0,LK0388N00005,2141.0,upload_logo/1069_1601609724.jpeg,1069.0,1069,-0.10091991,-0.27947667,2025,1.0
APLA.N0000,406,ACL PLASTICS PLC,05/APR/1995,42125000,1.0,,151.5,156.5,159.0,204.75,1950.0,1950.0,9.0,146.5,132.75,115.25,115.25,7038,70168,202578,3173485,4408097,29,,,,,1065520.8,10503706.0,29895254.0,531770816.0,,147.0,,,,153.5,150.75,151.5,6381937500.0,0.078571886,4.5,3.061224489795918,42125000.0,LK0238N00002,2177.0,upload_logo/643_1601622375.jpeg,643.0,643,0.8990801,0.598203,2025,1.0
AGST.X0000,2035,AGSTAR PLC,16/FEB/2012,26210535,1.0,,12.0,13.3,13.3,13.3,14.8,15.0,4.0,12.2,11.3,10.7,9.5,8300,150723,205683,415056,3046660,8,,,,,100460.0,1941055.2,2606659.0,5132560.0,,12.5,,,,12.8,12.0,12.0,314526420.0,0.0038723247,-0.5,-4.0,,LK0408X00000,2145.0,upload_logo/1121_1601609820.jpeg,1121.0,1121,0.31006494,0.11569987,2025,1.0
AHUN.N0000,144,AITKEN SPENCE HOTEL HOLDINGS PLC,01/JAN/1980,336290010,1.0,,98.0,102.75,102.75,122.75,128.25,900.0,5.0,98.0,84.7,83.8,73.0,9746,45797,1067951,6736667,41764940,43,,,,,953695.6,4528743.0,105858008.0,728939840.0,,98.5,,,,98.9,97.6,98.0,32956420980.0,0.4057464,-0.5,-0.5076142131979695,336290010.0,LK0003N00000,200.0,upload_logo/521_1192527461.gif,521.0,521,-0.03165584,-0.06651954,2025,1.0
ALLI.N0000,395,ALLIANCE FINANCE COMPANY PLC,01/JAN/1959,33696000,1.0,,349.0,364.25,370.0,394.0,494.0,1600.0,23.0,347.5,316.0,296.0,189.0,1630,25033,82831,642769,5223636,24,,,,,570796.75,8906474.0,28091406.0,226173056.0,,349.75,,,,359.25,349.0,349.0,11759904000.0,0.14478327,-0.75,-0.21443888491779842,33696000.0,LK0005N00005,2050.0,upload_logo/341_1601446036.jpeg,341.0,341,1.055736,0.34221312,2025,1.0
AFS.N0000,5511,ALPHA FIRE SERVICES PLC,,37950000,1.0,,38.8,41.5,41.5,48.7,48.7,57.7,5.5,37.9,34.0,26.5,8.8,27396,167209,692156,13320398,62863301,23,,,,,1049287.0,6606206.0,26647890.0,514524800.0,,38.2,,,,39.0,38.0,38.8,1472460000.0,0.018128345,0.6,1.5706806282722514,,LK0486N00007,3625.0,upload_logo/v6y3L37xQx5YEfFo_30Jan2026074838GMT_1769759318307.jpeg,2774.0,2774,-0.64637446,-0.8896595,2025,
TAP.N0000,2145,AMBEON CAPITAL PLC,17/MAY/2012,1022352863,1.0,,36.0,38.5,38.8,52.0,52.0,52.0,2.4,35.0,32.0,31.0,23.0,124069,649919,5518064,41892657,247970329,74,,,,,4452085.0,23987824.0,199612448.0,1614972540.0,,36.0,,,,36.8,35.1,36.0,36804703068.0,0.4531249,0.0,0.0,1022352863.0,LK0411N00005,2178.0,upload_logo/1181_1601622394.jpeg,1181.0,1181,1.5148809,0.7813682,2025,1.0
AMCL.N0000,1800,AMW CAPITAL LEASING AND FINANCE PLC,08/JUN/2011,20000000,1.0,,22.4,0.0,0.0,0.0,0.0,0.0,0.0,0.0,0.0,0.0,0.0,0,0,0,0,0,0,,,,,0.0,0.0,0.0,0.0,,22.4,,,,,,22.4,448000000.0,0.0055155987,0.0,0.0,20000000.0,LK0384N00004,,,,1065,0.0,0.0,2025,1.0
AAF.N0000,2025,ASIA ASSET FINANCE PLC,12/JAN/2012,124195533,1.0,,57.3,59.0,59.0,60.9,65.0,65.0,0.8,56.0,51.0,45.0,29.5,16545,63163,536938,6652191,66935684,34,,,,,932154.4,3601047.8,29659670.0,373567616.0,,56.9,,,,58.0,56.0,57.3,7116404040.9,0.08761435,0.4,0.70298769771529,124195533.0,LK0406N00005,2273.0,upload_logo/1108_1608702562.jpeg,1108.0,1108,0.7754329,0.59725726,2025,1.0
AHPL.N0000,143,ASIAN HOTELS AND PROPERTIES PLC,30/JAN/2004,442775300,1.0,,54.9,56.8,56.9,63.0,73.0,210.0,20.0,53.5,51.0,49.9,49.9,151379,20662,265022,3681959,26816974,35,,,,,8327474.0,1122069.1,14289249.0,208034352.0,,54.0,,,,55.9,54.0,54.9,24308363970.0,0.29927495,0.9,1.6666666666666667,442775300.0,LK0341N00004,2233.0,upload_logo/690_1603172194.jpeg,690.0,690,0.4199134,0.39911726,2025,1.0
BPPL.N0000,3794,B P P L HOLDINGS PLC,04/APR/2017,306843357,1.0,,21.0,23.0,23.0,23.0,25.7,32.1,6.8,18.8,16.3,16.0,16.0,51344,2254240,2742008,6080042,42622325,41,,,,,1082527.0,48916212.0,57832204.0,120114896.0,,21.4,,,,21.4,20.9,21.0,6443710497.0,0.07933241,-0.4,-1.8691588785046729,306843357.0,LK0451N00001,2053.0,upload_logo/1524_1601448654.jpeg,1524.0,1524,0.63744587,0.4881778,2025,1.0
BLI.N0000,1802,BIMPUTH LANKA INVESTMENTS PLC,13/JUN/2011,107733344,1.0,,,0.0,0.0,0.0,0.0,169.0,6.0,0.0,0.0,0.0,0.0,0,0,0,0,0,0,,,,,0.0,0.0,0.0,0.0,,,,,,,,0.0,,0.0,,,107733344.0,LK0383N00006,2474.0,upload_logo/1067_1631431630.jpeg,1067.0,1067,0.47588998,0.6030592,2021,1.0
BOGA.N0000,189,BOGALA GRAPHITE LANKA PLC,08/MAY/1992,94632904,1.0,,136.0,138.75,139.75,171.0,197.0,197.0,1.75,133.0,122.0,113.5,51.1,6866,60089,307450,4555374,30856067,42,,,,,932696.0,8146697.5,40793640.0,678918140.0,,136.0,,,,137.75,134.5,136.0,12870074944.0,0.15845126,0.0,0.0,94632904.0,LK0194N00007,309.0,upload_logo/664_1192689751.gif,664.0,664,0.11093073,-0.4936948,2025,1.0
BRWN.N0000,25,BROWN & COMPANY PLC,25/APR/1991,212625000,1.0,,172.0,175.5,175.5,210.0,210.0,1300.0,7.0,165.0,150.25,145.0,145.0,1535,88687,348876,6145753,18216295,20,,,,,263435.5,15039160.0,57914816.0,1147831170.0,,169.0,,,,172.5,167.75,172.0,36571500000.0,0.4502538,3.0,1.7751479289940828,212625000.0,LK0018N00008,2059.0,upload_logo/764_1601449263.jpeg,764.0,764,0.8660714,0.6368222,2025,1.0
BIL.N0000,1851,BROWNS INVESTMENTS PLC,26/JUL/2011,14369717460,1.0,,6.3,6.8,6.9,7.4,8.5,19.1,1.1,6.3,5.9,5.2,5.2,1164105,14032280,52904372,373619985,1914708256,189,,,,,7343772.0,90562440.0,338634816.0,2405933060.0,,6.4,,,,6.5,6.3,6.3,90529219998.0,1.1145599,-0.1,-1.5625,14369717460.0,LK0390N00001,2061.0,upload_logo/1077_1601449335.jpeg,1077.0,1077,0.27218616,0.17197351,2025,1.0
CIC.N0000,162,C I C HOLDINGS PLC,11/OCT/1964,1458000000,1.0,,32.8,34.2,34.5,38.8,177.0,325.0,22.75,33.0,29.6,28.5,28.5,272715,2184009,9594978,90824112,209445432,230,,,,,8996296.0,73293752.0,313642560.0,3123974660.0,,33.4,,,,33.7,32.5,32.8,47822400000.0,0.58877045,-0.6,-1.7964071856287425,,LK0045N00001,2073.0,upload_logo/493_1601449921.jpeg,493.0,493,1.0048702,0.5026797,2025,1.0
CIC.X0000,328,C I C HOLDINGS PLC,11/OCT/1964,437400000,1.0,,25.5,26.8,27.1,30.9,135.0,200.0,17.0,25.5,23.8,22.5,22.5,219494,1173478,6301932,72686919,179802246,137,,,,,5596058.5,30606986.0,162385968.0,2018898050.0,,25.8,,,,26.0,25.4,25.5,11153700000.0,0.13731994,-0.3,-1.1627906976744187,,LK0045X00000,2073.0,upload_logo/493_1601449921.jpeg,493.0,493,1.0048702,0.5026797,2025,1.0
COLO.N0000,308,C M HOLDINGS PLC,01/JAN/1970,152000000,1.0,,50.9,53.6,53.7,62.4,584.0,584.0,4.0,45.0,41.0,41.0,41.0,5561,296158,451191,3950419,20834629,31,,,,,281066.3,13775433.0,20913450.0,213920096.0,,51.1,,,,51.0,49.8,50.9,7736800000.0,0.09525242,-0.2,-0.3913894324853229,152000000.0,LK0052N00007,341.0,upload_logo/693_1192767073.gif,693.0,693,-0.19642857,-0.6168033,2025,1.0
CTHR.N0000,510,C T HOLDINGS PLC,01/JAN/1928,201406978,1.0,,580.25,603.75,604.0,680.0,752.0,5300.0,24.25,579.0,579.0,500.0,372.0,0,567,51004,507170,18958641,0,,,,,0.0,329948.25,29629110.0,319291840.0,,580.25,,,,,,580.25,116866398984.5,1.4388129,0.0,0.0,201406978.0,LK0041N00000,2161.0,upload_logo/503_1601610958.jpeg,503.0,503,0.031114718,-0.3857188,2025,1.0
CTLD.N0000,520,C T LAND DEVELOPMENT PLC,22/MAR/1988,81250000,1.0,,38.1,39.5,41.2,44.0,47.9,63.9,5.5,37.6,34.1,32.0,23.0,7181,31969,136108,2462927,12026954,11,,,,,273688.2,1243766.0,5223282.0,96569680.0,,38.5,,,,38.8,38.0,38.1,3095625000.0,0.038112108,-0.4,-1.0389610389610389,81250000.0,LK0175N00006,2062.0,upload_logo/614_1601449440.jpeg,614.0,614,1.2697511,0.91472256,2025,1.0
CARG.N0000,551,CARGILLS (CEYLON) PLC,01/JAN/1946,257677731,1.0,,690.0,707.75,708.0,800.0,999.0,2100.0,20.0,690.0,678.0,660.0,445.0,7806,3838,13637,1689127,13372754,51,,,,,5388333.5,2679481.2,9539298.0,1305362050.0,,692.0,,,,696.0,689.5,690.0,177797634390.0,2.1889741,-2.0,-0.28901734104046245,257677731.0,LK0020N00004,2064.0,upload_logo/457_1601449513.jpeg,457.0,457,0.39556277,-0.04082597,2025,1.0
CALT.N0000,5293,CAPITAL ALLIANCE PLC,15/DEC/2021,329417884,1.0,,54.3,54.3,54.3,55.8,69.9,93.4,8.0,53.0,51.1,48.2,46.3,56559,195433,532862,9262864,59902271,92,,,,,3067062.5,10543838.0,28375468.0,490211200.0,,54.2,,,,54.4,53.9,54.3,17887391101.2,0.22022247,0.1,0.18450184501845018,329417884.0,LK0477N00006,2622.0,upload_logo/2647_1639498293.jpeg,2647.0,2647,1.4215368,1.0576923,2025,
CSLK.N0000,6052,CABLE SOLUTIONS PLC,14/AUG/2024,470666600,1.0,,12.9,13.3,13.3,16.0,16.5,16.5,7.0,12.0,12.0,11.2,10.6,27046,1566318,2864757,30140565,178343684,24,,,,,349007.9,20004310.0,36765400.0,439703808.0,,13.0,,,,13.0,12.8,12.9,6071599140.0,0.074751124,-0.1,-0.7692307692307693,470666600.0,LK0494N00001,3344.0,upload_logo/k48gY439Uk34hc17_13Aug2024110307GMT_1723546987305.png,3198.0,3198,2.0752165,1.2485813,2025,
CABO.N0000,22,CARGO BOAT DEVELOPMENT COMPANY PLC,01/JAN/1981,18031995,1.0,,221.75,224.75,225.0,245.0,245.0,330.0,8.0,215.0,211.0,165.0,75.5,26,55350,60077,964808,5847964,3,,,,,5705.5,12173156.0,13229624.0,206390896.0,,221.75,,,,224.25,218.0,221.75,3998594891.25,0.049229115,0.0,0.0,18031995.0,LK0021N00002,,,,615,1.9142317,0.7027112,2025,1.0
CBNK.N0000,5852,CARGILLS BANK PLC,09/JAN/2024,1239842858,1.0,,8.9,9.0,9.0,10.2,11.5,11.5,7.1,8.7,8.4,8.3,7.9,2063525,3605456,5737901,152081478,618230537,62,,,,,18367998.0,32181926.0,50796948.0,1381041280.0,,8.9,,,,9.0,8.8,8.9,11034601436.2,0.13585365,0.0,0.0,1239842858.0,LK0491N00007,3184.0,upload_logo/ktg0RldudT9ERjkC_8Jan2024105958GMT_1704711598288.jpeg,3118.0,3118,0.6066017,0.5338903,2025,
BREW.N0000,560,CEYLON BEVERAGE HOLDINGS PLC,01/JAN/1970,20988090,1.0,,2718.75,2899.75,2950.0,2950.0,2950.0,4000.0,16.25,2651.0,2508.0,2500.0,2180.0,7,564,1348,5991,22146,4,,,,,19449.0,1598105.5,3796058.0,15998002.0,,2718.75,,,,2898.0,2657.0,2718.75,57061369687.5,0.702517,0.0,0.0,20988090.0,LK0026N00001,132.0,upload_logo/458_1192178014.gif,458.0,458,0.10064935,0.0721942,2025,1.0
CCS.N0000,426,CEYLON COLD STORES PLC,01/JAN/1970,950400000,1.0,,117.5,118.75,118.75,118.75,125.0,1029.0,17.75,111.5,101.0,98.0,84.5,95954,3898795,5106862,12584106,42683620,135,,,,,11278053.0,449364544.0,581343810.0,1401238270.0,,117.25,,,,119.5,117.0,117.5,111672000000.0,1.3748615,0.25,0.21321961620469082,950400000.0,LK0027N00009,2234.0,upload_logo/462_1603172226.jpeg,462.0,462,0.31358224,0.14328499,2025,1.0
GRAN.N0000,74,CEYLON GRAIN ELEVATORS PLC,01/JAN/1984,60000000,1.0,,451.5,463.75,469.75,525.0,525.0,525.0,6.25,449.0,382.0,360.0,185.0,7113,57632,158957,2237631,9119635,26,,,,,3203881.0,25970464.0,68980880.0,1027030660.0,,450.25,,,,452.25,450.0,451.5,27090000000.0,0.33352134,1.25,0.277623542476402,60000000.0,LK0029N00005,2069.0,upload_logo/671_1601449742.jpeg,671.0,671,1.4023268,0.84063685,2025,1.0
CHL.N0000,264,CEYLON HOSPITALS PLC,14/NOV/2003,127050892,1.0,,67.0,68.0,69.9,389.0,389.0,389.0,15.0,62.0,57.8,57.5,57.5,23049,193291,476205,2168042,4589176,27,,,,,1540642.6,12626171.0,30036810.0,489997024.0,,66.9,,,,67.0,65.3,67.0,8512409764.0,0.10480142,0.1,0.14947683109118087,127050892.0,LK0338N00000,1570.0,upload_logo/514_1520504240.jpeg,514.0,514,1.0332792,0.8562421,2025,1.0
CHL.X0000,453,CEYLON HOSPITALS PLC,14/NOV/2003,40535060,1.0,,53.7,56.0,56.0,284.0,284.0,284.0,12.0,51.6,47.9,42.0,42.0,3805,100319,132970,575356,1348081,8,,,,,203490.0,5428722.0,7126502.5,84519320.0,,53.1,,,,54.0,52.7,53.7,2176732722.0,0.026799072,0.6,1.1299435028248588,,LK0338X00009,1570.0,upload_logo/514_1520504240.jpeg,514.0,514,1.0332792,0.8562421,2025,1.0
CHOT.N0000,383,CEYLON HOTELS CORPORATION PLC,01/JAN/1967,180030942,1.0,,37.5,39.0,39.5,44.0,52.0,1150.0,2.0,37.5,33.9,26.1,20.8,600,54099,335396,5391544,93275050,8,,,,,22499.6,2074711.8,12885729.0,208633680.0,,37.5,,,,37.5,37.1,37.5,6751160325.0,0.08311761,0.0,0.0,180030942.0,LK0032N00009,2070.0,upload_logo/545_1601449777.jpeg,545.0,545,1.5787338,0.9110971,2025,1.0
CINV.N0000,133,CEYLON INVESTMENT PLC,01/JAN/1949,97200743,1.0,,114.75,119.75,120.0,139.25,150.0,660.0,21.0,114.0,100.0,97.0,71.7,974,31701,178521,2807486,23590964,18,,,,,111948.0,3657472.2,19691782.0,329495488.0,,114.25,,,,116.0,114.0,114.75,11153785259.25,0.13732098,0.5,0.437636761487965,97200743.0,LK0033N00007,237.0,upload_logo/608_1192610374.gif,608.0,608,1.7310606,1.029792,2025,1.0
KZOO.N0000,461,CEYLON LAND & EQUITY PLC,01/JAN/1958,921235101,1.0,,11.4,11.7,13.2,27.4,27.4,7990.0,1.4,10.9,9.7,8.6,8.3,6755917,21785769,160079566,479843872,689594346,467,,,,,75993472.0,246292352.0,1790631300.0,6742918700.0,,11.0,,,,11.6,10.9,11.4,10502080151.4,0.12929745,0.4,3.6363636363636362,921235101.0,LK0094N00009,3764.0,upload_logo/RXBV0VjufYSTzxpR_22Apr2026101034GMT_1776852634116.jpeg,732.0,732,1.7224026,1.329918,2025,1.0
CHMX.N0000,529,CHEMANEX PLC,01/JAN/1974,16152353,1.0,,167.5,171.25,171.25,195.0,199.75,210.0,22.0,165.0,155.0,151.0,141.0,788,649,11171,506700,3194543,19,,,,,132089.5,108985.75,1808207.0,90205328.0,,167.5,,,,171.25,167.25,167.5,2705519127.5,0.03330928,0.0,0.0,16152353.0,LK0044N00004,2072.0,upload_logo/492_1601449856.jpeg,492.0,492,1.1358225,0.6659836,2025,1.0
LLUB.N0000,131,CHEVRON LUBRICANTS  LANKA  PLC,14/OCT/1996,240000000,1.0,,199.0,200.0,200.0,207.75,207.75,460.0,35.0,195.0,178.0,172.0,140.5,7171,168853,2141639,11468234,56551371,69,,,,,1425873.8,33482212.0,397385952.0,2177492740.0,,199.25,,,,200.0,198.25,199.0,47760000000.0,0.5880022,-0.25,-0.12547051442910917,240000000.0,LK0290N00003,2984.0,upload_logo/668_1674725006.jpeg,668.0,668,0.7843615,0.5490227,2025,1.0
CDB.X0000,1858,CITIZENS DEVELOPMENT BUSINESS FINANCE PLC,06/OCT/2010,10343668,1.0,,,347.75,347.75,373.25,373.25,373.25,26.6,325.0,290.5,280.0,180.75,0,135933,239594,1501141,4693039,0,,,,,0.0,46125508.0,79124856.0,474210272.0,,,,,,,,0.0,,0.0,,,,LK0368X00006,2236.0,upload_logo/981_1603172283.jpeg,981.0,981,0.93046534,0.40290037,2025,1.0
DOCK.N0000,267,COLOMBO DOCKYARD PLC,01/JAN/1983,395224082,1.0,,132.0,138.75,140.5,182.0,480.0,480.0,2.75,130.0,121.5,90.0,65.5,73432,997829,7167507,153388393,233996444,183,,,,,9648733.0,133438200.0,966800260.0,21484494800.0,,131.5,,,,133.0,130.25,132.0,52169578824.0,0.6422912,0.5,0.38022813688212925,395224082.0,LK0047N00007,621.0,upload_logo/442_1271068612.jpeg,442.0,442,1.8325217,0.25945777,2025,1.0
PHAR.N0000,44,COLOMBO CITY HOLDINGS PLC,01/JAN/1949,25457140,1.0,,169.5,163.0,163.0,175.0,194.0,4100.0,40.3,144.0,135.0,128.25,55.3,32667,85708,92850,1185109,5133247,102,,,,,5419367.5,13335919.0,14364161.0,185292704.0,,162.75,,,,170.0,160.25,169.5,4314985230.0,0.053124387,6.75,4.147465437788019,25457140.0,LK0051N00009,2182.0,upload_logo/744_1601622476.jpeg,744.0,744,3.2502706,1.511034,2025,1.0
CIT.N0000,277,COLOMBO INVESTMENT TRUST PLC,01/JUN/1987,7148780,1.0,,455.0,484.5,490.0,619.0,619.0,752.0,2.75,442.25,415.0,395.75,108.0,200,3217,5292,150088,659300,3,,,,,91000.0,1453455.5,2372665.8,75686560.0,,456.25,,,,455.0,455.0,455.0,3252694900.0,0.04004589,-1.25,-0.273972602739726,7148780.0,LK0172N00003,2074.0,upload_logo/610_1601449959.jpeg,610.0,610,1.6677489,1.1016709,2025,1.0
CLND.N0000,378,COLOMBO LAND AND DEVELOPMENT COMPANY PLC,19/MAR/1986,199881008,1.0,,61.9,67.5,69.9,69.9,69.9,73.4,1.25,62.0,49.7,45.3,21.0,318963,1337209,8138896,32447533,86337863,86,,,,,19806550.0,85687496.0,517292800.0,1844631040.0,,62.9,,,,63.5,61.1,61.9,12372634395.2,0.15232697,-1.0,-1.589825119236884,199881008.0,LK0050N00001,2075.0,upload_logo/618_1601449988.jpeg,618.0,618,0.5776515,0.07093316,2025,1.0
COMD.N0000,490,COMMERCIAL DEVELOPMENT COMPANY PLC,01/JAN/1983,12000000,1.0,,315.75,328.0,328.0,349.0,349.0,349.0,10.0,305.0,281.25,267.0,137.0,197,3481,8794,88399,506244,7,,,,,62196.25,1093371.8,2780776.0,27353344.0,,320.5,,,,325.0,315.0,315.75,3789000000.0,0.046648666,-4.75,-1.4820592823712948,12000000.0,LK0054N00003,2237.0,upload_logo/619_1603172301.jpeg,619.0,619,1.3555195,0.7681274,2025,1.0
DFCC.N0000,239,DFCC BANK PLC,01/JAN/1956,450715084,1.0,,143.25,147.0,148.5,163.5,175.0,680.0,7.0,143.0,136.0,125.0,102.0,51646,230768,2010114,21232895,135399157,117,,,,,7401056.0,33296252.0,286510752.0,3211032060.0,,143.5,,,,144.0,143.0,143.25,64564935783.0,0.7948979,-0.25,-0.17421602787456447,450715084.0,LK0055N00000,2080.0,upload_logo/371_1601452506.jpeg,371.0,371,2.0627706,1.6212169,2025,1.0
DIAL.N0000,471,DIALOG AXIATA PLC,28/JUL/2005,9200334994,1.0,,34.3,34.7,34.7,34.8,34.8,34.8,4.5,33.5,30.1,28.9,13.8,545964,2842025,13642637,174082490,597681661,149,,,,,18759386.0,96654320.0,439255232.0,5699566600.0,,34.1,,,,34.7,34.1,34.3,315571490294.2,3.8851912,0.2,0.5865102639296188,9200334994.0,LK0348N00009,2081.0,upload_logo/389_1601452556.jpeg,389.0,389,0.7302489,0.3059584,2025,1.0
DIMO.N0000,375,DIESEL & MOTOR ENGINEERING PLC,01/JAN/1964,9231494,1.0,,1560.0,1589.0,1589.0,2196.75,2990.0,2990.0,11.0,1486.0,1382.0,1290.0,971.0,225,13481,50267,421373,1654555,20,,,,,351050.5,20413470.0,74967424.0,664876740.0,,1574.5,,,,1589.0,1520.25,1560.0,14401130640.0,0.17730102,-14.5,-0.9209272785011114,9231494.0,LK0056N00008,2473.0,upload_logo/694_1631431440.jpeg,694.0,694,1.2637987,0.40116647,2025,1.0
PKME.N0000,6172,DIGITAL MOBILITY SOLUTIONS LANKA PLC,03/OCT/2024,333323673,1.0,,151.75,154.5,154.5,175.0,175.0,175.0,38.0,150.0,134.75,127.25,70.0,5723,721615,3420756,18360559,161035806,65,,,,,871331.0,110663696.0,506895712.0,2797481470.0,,154.0,,,,154.0,151.75,151.75,50581867377.75,0.6227439,-2.25,-1.4610389610389611,333323673.0,LK0495N00008,3384.0,upload_logo/N9aA4wMSQYIhnOjV_4Oct2024065808GMT_1728025088129.png,3218.0,3218,-0.11038961,-0.32645017,2025,
STAF.N0000,455,DOLPHIN HOTELS PLC,01/JAN/1982,63242954,1.0,,48.0,51.5,51.9,64.0,71.5,76.8,2.5,47.0,39.2,39.0,39.0,28794,35623,239057,4171397,31165663,22,,,,,1382130.9,1724360.2,11002013.0,212150416.0,,48.2,,,,49.0,48.0,48.0,3035661792.0,0.037373867,-0.2,-0.4149377593360996,63242954.0,LK0158N00002,,,,603,1.54329,1.0,2025,1.0
EAST.N0000,403,EAST WEST PROPERTIES PLC,01/JAN/1983,138240000,1.0,,62.4,66.6,68.5,80.0,80.0,80.0,3.0,62.0,56.6,52.6,13.2,70321,75213,357432,7605359,257520777,47,,,,,4427416.0,4775599.0,22008856.0,545376130.0,,63.0,,,,63.2,62.1,62.4,8626176000.0,0.10620206,-0.6,-0.9523809523809523,138240000.0,LK0060N00000,2183.0,upload_logo/620_1601622496.jpeg,620.0,620,2.0873919,1.4300126,2025,1.0
EMER.N0000,405,EASTERN MERCHANTS PLC,01/JAN/1982,117446000,1.0,,13.9,15.0,15.7,19.0,19.0,3850.0,2.5,13.7,11.1,10.0,7.0,312034,415645,1615490,47376421,84755850,86,,,,,4302664.5,5937019.0,23016570.0,729419710.0,,14.0,,,,14.3,13.7,13.9,1632499400.0,0.020098686,-0.1,-0.7142857142857143,117446000.0,LK0061N00008,2184.0,upload_logo/767_1601622536.jpeg,767.0,767,0.99242425,0.6716583,2025,1.0
ELPL.N0000,115,ELPITIYA PLANTATIONS PLC,08/DEC/2000,72866428,1.0,,185.75,190.25,190.25,193.0,215.0,215.0,8.0,178.5,160.0,146.0,120.0,34452,208414,236566,941995,5562325,89,,,,,6413506.0,39008196.0,43748184.0,165476672.0,,189.5,,,,189.75,184.75,185.75,13534939001.0,0.16663681,-3.75,-1.9788918205804749,72866428.0,LK0315N00008,2154.0,upload_logo/707_1601610752.jpeg,707.0,707,0.96347404,0.5214376,2025,1.0
PACK.N0000,5231,Ex-pack Corrugated Cartons PLC,10/NOV/2021,333333333,1.0,,13.7,13.7,14.0,15.9,16.1,25.4,7.0,13.0,12.1,12.1,12.1,53180,518819,1181834,14395566,64072513,18,,,,,722911.7,6923031.0,15547035.0,204384656.0,,13.3,,,,13.7,13.4,13.7,4566666662.1,0.05622299,0.4,3.007518796992481,333333333.0,LK0473N00005,2520.0,upload_logo/2511_1636519151.jpeg,2511.0,2511,0.5744048,0.42496848,2025,
EXT.N0000,5472,EXTERMINATORS PLC,30/MAR/2022,52852459,1.0,,16.8,16.8,16.8,16.8,15.7,16.8,3.9,13.1,10.7,7.0,3.9,2674813,9336705,16086014,94090210,149006310,539,,,,,45720964.0,142088256.0,230831200.0,1154468860.0,,16.3,,,,17.8,16.6,16.8,887921311.2,0.010931736,0.5,3.067484662576687,52852459.0,LK0485N00009,2841.0,upload_logo/2741_1648550242.jpeg,2741.0,2741,0.81872296,0.63571876,2025,
CFVF.N0000,528,FIRST CAPITAL HOLDINGS PLC,22/AUG/1994,405000000,1.0,,60.4,61.0,63.0,66.8,70.0,100.0,1.5,57.9,52.0,48.4,33.3,27544,174517,848285,10659363,87571368,62,,,,,1671267.1,10351212.0,48658980.0,646439490.0,,60.1,,,,61.0,60.0,60.4,24462000000.0,0.30116645,0.3,0.49916805324459235,405000000.0,LK0222N00006,2965.0,upload_logo/698_1669717288.jpeg,698.0,698,1.7050866,1.2622951,2025,1.0
WAPO.N0000,533,GALLE FACE CAPITAL PARTNERS PLC,21/NOV/2001,118328116,1.0,,26.1,27.5,27.8,142.0,142.0,10012.5,15.0,26.3,24.0,21.0,21.0,93967,309965,4928125,16622914,35797554,99,,,,,2459265.8,8244068.5,129352912.0,1194885760.0,,26.5,,,,27.0,26.0,26.1,3088363827.6,0.038022712,-0.4,-1.509433962264151,118328116.0,LK0317N00004,2823.0,upload_logo/612_1646800683.jpeg,612.0,612,1.8571428,1.1319357,2025,1.0
MEL.N0000,2091,GREENTECH ENERGY PLC,25/APR/2012,100000000,1.0,,7.0,7.3,7.3,8.4,8.4,16.3,1.0,6.6,6.0,4.0,2.0,1949299,1895062,3651188,104321374,207397494,401,,,,,14227298.0,13143392.0,24640592.0,694727360.0,,6.8,,,,7.7,6.8,7.0,700000000.0,0.008618123,0.2,2.9411764705882355,100000000.0,LK0410N00007,3224.0,upload_logo/Ehl7iE9DqgrZwAbZ_13Feb2024123138GMT_1707827498001.jpeg,1161.0,1161,0.8795996,0.37641865,2025,1.0
HARI.N0000,167,HARISCHANDRA MILLS PLC,01/JAN/1983,1919600,1.0,,5020.25,5300.0,5420.0,8500.0,11020.25,11020.25,14.0,5000.0,5000.0,4600.0,3300.0,19,342,505,10067,805386,10,,,,,95344.5,1724380.2,2569764.2,62102996.0,,5020.25,,,,5145.0,5000.0,5020.25,9636871900.0,0.11864535,0.0,0.0,1919600.0,LK0077N00004,2185.0,upload_logo/482_1601622559.jpeg,482.0,482,-0.30113637,-0.24889658,2025,1.0
HNB.X0000,340,HATTON NATIONAL BANK PLC,01/JAN/1971,117103990,1.0,,354.0,362.0,365.0,404.0,404.0,404.0,15.6,353.0,330.5,318.5,245.0,71459,344143,1744101,13853024,106374991,99,,,,,25243400.0,123056456.0,602310400.0,4965398000.0,,354.0,,,,355.0,352.5,354.0,41454812460.0,0.5103752,0.0,0.0,,LK0078X00001,3025.0,upload_logo/q5ADDCBJcSu1tpSc_16May2023081336GMT_1684224816035.jpeg,373.0,373,1.3227813,1.1210593,2025,1.0
HEXP.N0000,524,HAYLEYS FIBRE PLC,17/MAR/1992,24000000,1.0,,112.5,119.5,123.0,147.75,147.75,300.0,12.75,112.0,110.0,89.0,46.5,34129,63305,187730,6086477,14789137,83,,,,,3837365.8,7318992.0,21786908.0,707056000.0,,112.75,,,,117.0,111.75,112.5,2700000000.0,0.03324133,-0.25,-0.22172949002217296,24000000.0,LK0192N00001,755.0,upload_logo/768_1352700410.jpeg,768.0,768,2.751894,1.3348045,2025,1.0
CONN.N0000,214,HAYLEYS LEISURE PLC,11/MAR/1996,107989958,1.0,,31.8,32.9,32.9,41.8,47.5,140.0,4.0,31.7,29.4,27.0,27.0,2162,28572,184055,1724567,34938900,17,,,,,68951.6,928338.3,5853987.0,61013956.0,,31.9,,,,32.0,31.7,31.8,3434080664.4,0.042279042,-0.1,-0.31347962382445144,107989958.0,LK0281N00002,2498.0,upload_logo/532_1633404386.jpeg,532.0,532,0.72402596,0.25882724,2025,1.0
HAYL.N0000,175,HAYLEYS PLC,01/JAN/1953,750000000,1.0,,230.5,235.25,236.0,260.0,260.0,860.0,30.5,228.5,214.0,196.0,130.0,47933,188543,2229659,24326514,95243081,119,,,,,11032863.0,43770740.0,501620672.0,5511846400.0,,230.0,,,,231.0,229.5,230.5,172875000000.0,2.1283686,0.5,0.21739130434782608,795000000.0,LK0080N00008,2027.0,upload_logo/505_1600924002.jpeg,505.0,505,0.9004329,0.8157314,2025,1.0
HELA.N0000,5431,HELA APPAREL HOLDINGS PLC,07/FEB/2022,1636746787,1.0,,2.8,3.0,3.0,3.6,4.4,22.0,2.6,2.8,2.7,2.6,2.6,198945,1402299,8155555,95893319,470989147,51,,,,,565402.0,4018415.8,23317384.0,307820608.0,,2.9,,,,2.9,2.8,2.8,4582891003.6,0.05642274,-0.1,-3.4482758620689653,1636746787.0,LK0484N00002,2721.0,upload_logo/2727_1644209016.jpeg,2727.0,2727,1.1006494,0.7719105,2025,
HNB.N0000,172,HATTON NATIONAL BANK PLC,01/JAN/1971,460218180,1.0,,410.0,415.0,418.25,460.0,460.0,615.0,31.0,409.5,393.75,388.5,291.5,28327,271640,1118431,30878114,151079117,201,,,,,11603899.0,112050992.0,453835744.0,13003111400.0,,411.0,,,,414.75,409.0,410.0,188689453800.0,2.3230698,-1.0,-0.24330900243309003,460218180.0,LK0078N00002,3025.0,upload_logo/q5ADDCBJcSu1tpSc_16May2023081336GMT_1684224816035.jpeg,373.0,373,1.3227813,1.1210593,2025,1.0
HPL.N0000,4058,HATTON PLANTATIONS PLC,02/FEB/2018,236666671,1.0,,26.2,26.7,26.7,29.8,40.0,43.2,3.5,25.5,22.8,21.8,21.8,2683,80752,375857,3416195,60375496,12,,,,,70670.3,2098121.5,9397783.0,88520112.0,,25.7,,,,26.5,25.6,26.2,6200666780.2,0.076340154,0.5,1.9455252918287937,236666671.0,LK0457N00008,2091.0,upload_logo/1045_1601461418.jpeg,1045.0,1045,0.045725107,-0.30170238,2025,1.0
HHL.N0000,325,HEMAS HOLDINGS PLC,15/OCT/2003,2995985015,1.0,,32.9,33.5,33.7,36.0,123.0,198.0,19.1,31.8,29.5,27.6,24.0,87438,2733170,21007959,155969919,809577216,112,,,,,2874260.5,90138736.0,662249280.0,5144281100.0,,33.0,,,,33.0,32.7,32.9,98567906993.5,1.213529,-0.1,-0.30303030303030304,2995985015.0,LK0337N00002,2092.0,upload_logo/506_1601461453.jpeg,506.0,506,0.68804115,0.44372636,2025,1.0
GHLL.N0000,116,GALADARI HOTELS (LANKA) PLC,01/JAN/1970,500829564,1.0,,17.2,17.8,17.8,19.4,21.7,46.0,1.75,17.3,15.9,15.1,15.1,38222,78159,354130,7220928,66032440,36,,,,,655413.8,1365996.0,6082779.5,128003360.0,,17.5,,,,17.7,17.0,17.2,8614268500.8,0.10605546,-0.3,-1.7142857142857142,500829564.0,LK0067N00005,2155.0,upload_logo/541_1601610774.jpeg,541.0,541,0.4448052,0.25772384,2025,1.0
HAPU.N0000,132,HAPUGASTENNE PLANTATIONS PLC,25/MAR/1998,46315789,1.0,,59.3,60.0,60.0,64.5,87.8,89.9,5.75,55.4,53.0,48.2,43.1,35,3946,7275,111207,1142453,1,,,,,2117.5,232961.2,421984.0,6384011.5,,59.3,,,,60.5,60.5,59.3,2746526287.7,0.033814143,0.0,0.0,46315789.0,LK0285N00003,375.0,upload_logo/708_1192775435.gif,708.0,708,0.80167747,0.22288777,2025,1.0
HNBF.N0000,4680,HNB FINANCE PLC,08/JAN/2020,1717501587,1.0,,9.2,9.8,10.3,10.9,10.9,15.5,3.1,9.3,8.8,7.5,3.9,3183850,10266534,40435461,443127465,1267560328,322,,,,,29500182.0,98173088.0,394309536.0,4017137920.0,,9.5,,,,9.7,9.1,9.2,15801014600.4,0.19453584,-0.3,-3.1578947368421053,1717501587.0,LK0460N00002,3284.0,upload_logo/Tn86429VCj6DiVc0_11Jun2024091959GMT_1718097599558.png,1992.0,1992,1.4372294,0.74763554,2025,1.0
HAYC.N0000,31,HAYCARB PLC,01/JAN/1975,297123750,1.0,,129.25,128.0,128.0,134.0,134.0,1700.0,13.25,120.0,110.0,106.0,78.2,289676,870128,2023367,14613946,43904293,226,,,,,36593948.0,108703696.0,248600688.0,1757580930.0,,125.5,,,,130.75,124.75,129.25,38403244687.5,0.47280553,3.75,2.9880478087649402,297123750.0,LK0079N00000,2029.0,upload_logo/494_1600924411.jpeg,494.0,494,0.63744587,0.4402585,2025,1.0
HASU.N0000,5,HNB LIFE PLC,28/NOV/2003,150000000,1.0,,142.0,142.0,144.0,144.0,144.0,178.0,8.75,138.0,120.0,102.5,73.0,22130,140665,561498,3426057,17049567,66,,,,,3120800.0,19684774.0,76585360.0,411936160.0,,140.0,,,,144.0,140.0,142.0,21300000000.0,0.26223716,2.0,1.4285714285714286,150000000.0,LK0340N00006,3725.0,upload_logo/sbROYA30RtDfF3Dk_7Apr2026092342GMT_1775553822302.jpeg,375.0,375,0.95616883,0.74653214,2025,1.0
HNBF.X0000,4681,HNB FINANCE PLC,08/JAN/2020,360325000,1.0,,8.7,9.0,9.2,9.5,12.9,12.9,3.8,8.5,8.0,7.3,3.8,33179,494636,4265580,45650546,176165478,35,,,,,289248.4,4278007.5,37485720.0,392006592.0,,8.7,,,,8.8,8.6,8.7,3134827500.0,0.038594753,0.0,0.0,,LK0460X00001,3284.0,upload_logo/Tn86429VCj6DiVc0_11Jun2024091959GMT_1718097599558.png,1992.0,1992,1.4372294,0.74763554,2025,1.0
HOPL.N0000,103,HORANA PLANTATIONS PLC,12/FEB/1996,25000000,1.0,,48.2,49.0,49.5,55.7,70.0,96.1,5.0,47.7,47.2,41.0,41.0,1588,3298,41230,690621,6495886,11,,,,,76589.5,160074.1,1988798.8,34575968.0,,48.6,,,,48.6,47.1,48.2,1205000000.0,0.014835482,-0.4,-0.823045267489712,25000000.0,LK0252N00003,376.0,upload_logo/709_1192776068.gif,709.0,709,0.7478355,0.5198613,2025,1.0
CITH.N0000,2229,HIKKADUWA BEACH RESORT PLC,17/DEC/2012,542663531,1.0,,5.9,7.2,7.2,7.2,7.2,29.8,2.3,5.6,3.6,3.3,3.0,4796840,76622602,202727128,359941604,666543561,204,,,,,28964424.0,495929472.0,1168507390.0,1821610620.0,,6.1,,,,6.3,5.9,5.9,3201714832.9,0.039418243,-0.2,-3.278688524590164,542663531.0,LK0420N00006,2093.0,upload_logo/1222_1601461493.jpeg,1222.0,1222,0.61796534,0.005832282,2025,1.0
MGT.N0000,331,HAYLEYS FABRIC PLC,23/APR/2003,415481776,1.0,,31.5,32.5,32.5,44.9,49.5,175.0,7.0,30.5,29.5,29.5,29.5,153603,11011672,18014691,33859896,120906536,78,,,,,4821802.0,339905312.0,554370110.0,1143541120.0,,31.6,,,,31.8,31.3,31.5,13087675944.0,0.16113028,-0.1,-0.31645569620253167,415481776.0,LK0335N00006,1090.0,upload_logo/403_1442910137.jpeg,403.0,403,0.54843074,0.44088903,2025,1.0
HSIG.N0000,183,HOTEL SIGIRIYA PLC,01/JAN/1981,17577000,1.0,,77.5,79.7,79.7,102.0,122.0,124.9,4.25,70.1,70.1,66.0,66.0,8554,38054,141331,595231,8319759,45,,,,,637384.6,2917866.5,10768187.0,49956192.0,,78.7,,,,79.0,72.7,77.5,1362217500.0,0.016771082,-1.2,-1.5247776365946633,17577000.0,LK0085N00007,,,,544,1.672619,1.0562737,2025,1.0
HDFC.N0000,355,HOUSING DEVELOPMENT FINANCE CORPORATION BANK OF SL,12/NOV/2003,64710520,1.0,,72.1,74.7,74.7,74.7,78.5,1900.0,14.0,61.0,46.6,44.0,39.8,26646,3762313,6172975,10714278,39477420,45,,,,,1933702.2,266481296.0,412687168.0,671962050.0,,73.2,,,,74.0,72.0,72.1,4665628492.0,0.05744137,-1.1,-1.5027322404371584,64710520.0,LK0339N00008,2861.0,upload_logo/376_1649304781.jpeg,376.0,376,1.6406926,1.3855611,2025,1.0
HBS.N0000,5311,hSenid Business Solutions PLC,21/DEC/2021,285254759,1.0,,26.5,27.4,27.5,27.5,27.5,37.6,10.3,25.6,19.3,17.1,10.9,1722245,4995146,18546408,77991598,171928421,401,,,,,46156976.0,130311528.0,447373824.0,1671631870.0,,26.0,,,,27.2,26.0,26.5,7559251113.5,0.093066506,0.5,1.9230769230769231,285254759.0,LK0476N00008,2660.0,upload_logo/2652_1640063399.jpeg,2652.0,2652,0.3125,0.1831652,2025,
ASPH.N0000,269,INDUSTRIAL ASPHALTS (CEYLON) PLC,01/JAN/1978,3749411250,1.0,,0.4,0.5,0.5,0.5,0.6,825.0,0.1,0.4,0.3,0.3,0.3,2103367,20357501,65135887,429024005,1613627124,56,,,,,842303.3,8876590.0,27170778.0,178905520.0,,0.4,,,,0.5,0.4,0.4,1499764500.0,0.018464506,0.0,0.0,3749411250.0,LK0089N00009,2761.0,upload_logo/495_1645043761.jpeg,495.0,495,1.2353896,0.47178435,2025,1.0
HUNT.N0000,134,HUNTER & COMPANY PLC,01/JAN/1947,5145000,1.0,,1350.75,1378.0,1378.0,1650.0,2300.0,2300.0,2.0,1266.5,1138.0,1050.5,620.0,310,1656,2110,7433,51402,3,,,,,418702.5,2234998.0,2802802.5,10234379.0,,1350.25,,,,1370.0,1350.0,1350.75,6949608750.0,0.08556083,0.5,0.03703017959637104,5145000.0,LK0087N00003,409.0,upload_logo/747_1193032548.gif,747.0,747,0.88474023,0.8335435,2025,1.0
HUNA.N0000,276,HUNAS HOLDINGS PLC,18/OCT/1993,849030000,1.0,,18.1,18.9,19.0,21.3,27.7,3050.0,3.0,18.0,16.5,16.0,16.0,7198,90088,230992,4622052,28311339,12,,,,,129705.6,1630216.2,4156549.0,89768072.0,,18.1,,,,18.2,18.0,18.1,15367443000.0,0.18919787,0.0,0.0,849030000.0,LK0210N00001,3004.0,upload_logo/546_1679650234.jpeg,546.0,546,0.6853355,0.47005045,2025,1.0
HVA.N0000,1786,HVA FOODS PLC,15/FEB/2011,244526188,1.0,,8.4,9.0,9.2,9.2,9.2,82.5,1.6,8.1,6.9,3.4,2.9,14057846,21468238,76740716,449196394,553229708,748,,,,,119397920.0,183735456.0,648738300.0,2759798270.0,,8.4,,,,8.7,8.2,8.4,2054019979.2,0.02528828,0.0,0.0,244526188.0,LK0374N00005,2240.0,upload_logo/1046_1603172491.jpeg,1046.0,1046,0.41369048,0.29350567,2025,1.0
GEST.N0000,466,GESTETNER OF CEYLON PLC,01/JAN/1965,2657812,1.0,,324.5,341.0,345.0,459.0,459.0,520.0,18.0,322.5,285.0,226.0,126.5,4756,2859,50262,1084428,3831848,32,,,,,1544971.8,938130.5,15975193.0,366687552.0,,330.0,,,,337.0,320.25,324.5,862459994.0,0.010618266,-5.5,-1.6666666666666667,2657812.0,LK0069N00001,2089.0,upload_logo/746_1601459113.jpeg,746.0,746,-0.50027055,-0.3404792,2025,1.0
BFN.N0000,3495,JANASHAKTHI FINANCE PLC,30/JUN/2011,211101155,1.0,,43.1,44.2,44.5,44.5,64.0,64.0,5.0,41.0,38.0,30.0,19.5,495,23136,163321,1002423,12406893,4,,,,,21410.0,994300.7,6957249.0,38118828.0,,43.8,,,,43.6,43.1,43.1,9098459780.5,0.11201663,-0.7,-1.5981735159817352,211101155.0,LK0391N00009,3465.0,upload_logo/eYiY5IqPRW8jl1xm_28May2025041707GMT_1748405827532.jpeg,1072.0,1072,1.6709957,1.1235813,2025,1.0
INME.N0000,6616,INSUREME INSURANCE BROKERS PLC,28/NOV/2025,2055290,1.0,,1897.5,2265.0,2265.0,2265.0,6500.0,6500.0,502.0,1670.0,1285.25,1273.0,502.0,34,3069,4586,13896,35071,15,,,,,64970.75,6197367.5,8487470.0,23143664.0,,1897.5,,,,1997.75,1898.0,1897.5,3899912775.0,0.048014183,0.0,0.0,2055290.0,LK0507N00000,3505.0,upload_logo/k5ZI4bwCR2ebyC13_1Dec2025061934GMT_1764569974876.png,3421.0,3421,,,,
JINS.N0000,941,JANASHAKTHI INSURANCE PLC,21/JUL/2008,679578459,1.0,,52.6,56.0,56.0,159.5,167.0,167.0,5.5,48.9,44.0,44.0,44.0,319142,4661315,8012977,15603564,46236553,367,,,,,16999538.0,242997296.0,402338784.0,1439519620.0,,53.9,,,,54.5,52.5,52.6,35745826943.4,0.44008845,-1.3,-2.411873840445269,679578459.0,LK0356N00002,2157.0,upload_logo/841_1601610813.jpeg,841.0,841,2.096591,1.4203972,2025,1.0
JAT.N0000,5127,JAT HOLDINGS PLC,12/AUG/2021,522436476,1.0,,41.5,44.0,44.0,49.8,55.5,55.5,9.2,41.6,39.0,36.0,26.3,250862,636819,2428688,19424820,173846010,111,,,,,10420200.0,26873734.0,100817776.0,850485500.0,,42.0,,,,42.5,41.5,41.5,21681113754.0,0.26692927,-0.5,-1.1904761904761905,522436476.0,LK0469N00003,2434.0,upload_logo/2353_1628739293.jpeg,2353.0,2353,0.6130952,0.002994955,2025,
JETS.N0000,4019,JETWING SYMPHONY PLC,05/JAN/2018,602188559,1.0,,15.2,16.1,16.5,20.6,23.0,23.0,5.8,15.4,14.8,13.2,10.6,269808,1178813,3342723,43646021,273116031,109,,,,,4108168.2,18405572.0,53042028.0,687592830.0,,15.5,,,,15.5,15.1,15.2,9153266096.8,0.11269139,-0.3,-1.935483870967742,602188559.0,LK0455N00002,2095.0,upload_logo/1686_1601461685.jpeg,1686.0,1686,1.1845238,0.25031525,2025,1.0
JFP.N0000,6577,JF PACKAGING PLC,19/NOV/2025,172130944,1.0,,17.0,17.4,17.4,17.9,17.9,17.9,12.5,15.3,14.1,13.1,12.5,878242,4184548,5542586,43237906,94070664,174,,,,,14791298.0,69641552.0,90301824.0,707137150.0,,16.9,,,,17.1,16.2,17.0,2926226048.0,0.036026537,0.1,0.591715976331361,172130944.0,LK0506N00002,3484.0,upload_logo/Z6lznKl0t3AEpkcg_18Nov2025135046GMT_1763473846131.jpeg,3399.0,3399,0.0,0.0,2025,
JKH.N0000,297,JOHN KEELLS HOLDINGS PLC,23/OCT/1986,17702492562,1.0,,20.2,20.5,20.5,23.4,26.1,430.25,8.75,20.0,18.2,17.8,17.8,1016365,15183633,120234793,961407319,3050280444,387,,,,,20454196.0,307368704.0,2362101250.0,19604348900.0,,20.1,,,,20.3,20.0,20.2,357590349752.4,4.4025106,0.1,0.4975124378109453,17702492562.0,LK0092N00003,3567.0,upload_logo/dzfJJcujeDHnGn8j_27Dec2025052535GMT_1766813135197.jpeg,508.0,508,1.4364177,1.3333858,2025,1.0
KAHA.N0000,8,KAHAWATTE  PLANTATIONS  PLC,02/DEC/1998,99406691,1.0,,19.1,20.3,20.9,21.9,26.5,44.0,3.5,19.1,18.0,16.0,16.0,1005,7659,71665,1001690,7024167,9,,,,,19344.9,149330.8,1428560.8,19719140.0,,19.4,,,,19.9,19.1,19.1,1898667798.1,0.023375645,-0.3,-1.5463917525773196,99406691.0,LK0297N00008,377.0,upload_logo/710_1192776530.gif,710.0,710,0.9207251,0.30249053,2025,1.0
KPHL.N0000,5371,KAPRUKA HOLDINGS PLC,07/JAN/2022,164130360,1.0,,28.1,30.8,31.8,36.0,36.0,36.0,6.0,27.6,22.0,10.7,7.5,217891,1140775,6227272,53475193,72067183,66,,,,,6130768.5,32911812.0,177496112.0,1280865660.0,,28.3,,,,28.9,28.0,28.1,4612063116.0,0.056781895,-0.2,-0.7067137809187279,164130360.0,LK0482N00006,3546.0,upload_logo/oBzbDpcH7nghgCyp_22Dec2025081928GMT_1766391568600.png,2714.0,2714,0.18614718,0.013556116,2025,
KGAL.N0000,372,KEGALLE  PLANTATIONS  PLC,08/JAN/1996,25000000,1.0,,152.75,151.0,151.0,151.0,163.0,285.0,5.25,136.0,133.0,116.75,116.75,36312,63174,94794,245778,1193574,92,,,,,5512340.5,9358737.0,13724371.0,34677104.0,,149.5,,,,154.0,142.0,152.75,3818750000.0,0.047014937,3.25,2.1739130434782608,25000000.0,LK0247N00003,378.0,upload_logo/711_1192777282.gif,711.0,711,0.38392857,0.47099623,2025,1.0
JKL.N0000,284,JOHN KEELLS PLC,01/JAN/1974,60800000,1.0,,81.4,84.5,85.5,86.0,90.0,371.0,11.5,82.0,80.2,77.0,70.1,4139,4349,13291,100355,751117,13,,,,,336424.2,364334.0,1114045.2,8368115.5,,82.6,,,,82.1,81.0,81.4,4949120000.0,0.060931604,-1.2,-1.4527845036319613,60800000.0,LK0093N00001,2099.0,upload_logo/731_1601461860.jpeg,731.0,731,-0.13744588,-0.08984867,2025,1.0
KHL.N0000,104,JOHN KEELLS HOTELS PLC,17/SEP/2004,1456146780,1.0,,17.5,18.0,18.4,23.9,28.0,111.0,5.0,17.3,16.1,16.0,16.0,341989,1563697,35452555,54549857,239298006,108,,,,,5997292.5,27554760.0,606693500.0,989922430.0,,17.4,,,,17.7,17.4,17.5,25482568650.0,0.31373128,0.1,0.5747126436781609,1456146780.0,LK0343N00000,2098.0,upload_logo/561_1601461800.jpeg,561.0,561,0.5616883,0.30296344,2025,1.0
KFP.N0000,227,KEELLS FOOD PRODUCTS PLC,01/JAN/1983,25500000,1.0,,167.25,170.0,170.0,177.25,184.5,215.0,5.0,164.25,158.5,155.0,155.0,16749,8406,22863,81294,248350,7,,,,,2809997.8,1393265.8,3754599.2,13598598.0,,168.0,,,,168.0,164.25,167.25,4264875000.0,0.052507453,-0.75,-0.44642857142857145,25500000.0,LK0101N00002,2241.0,upload_logo/483_1603172511.jpeg,483.0,483,0.17018399,0.04886507,2025,1.0
KCAB.N0000,279,KELANI CABLES PLC,01/JAN/1974,218000000,1.0,,115.0,117.5,117.5,153.0,1380.0,1380.0,4.0,112.75,99.0,96.0,96.0,25316,551434,2567042,12767093,16688745,39,,,,,2907956.0,63348188.0,283560416.0,1617415420.0,,114.75,,,,115.0,114.0,115.0,25070000000.0,0.3086519,0.25,0.2178649237472767,218000000.0,LK0102N00000,911.0,upload_logo/672_1400232738.jpeg,672.0,672,1.3801407,0.6913619,2025,1.0
KVAL.N0000,316,KELANI VALLEY PLANTATIONS PLC,18/JAN/1996,68000000,1.0,,84.8,89.9,89.9,94.0,104.0,210.0,7.0,81.3,79.0,74.0,74.0,3637,68661,161957,785897,12825386,18,,,,,304172.1,5725477.0,13318225.0,67672784.0,,85.5,,,,86.1,83.3,84.8,5766400000.0,0.07099363,-0.7,-0.8187134502923976,68000000.0,LK0249N00009,824.0,upload_logo/712_1370325823.jpeg,712.0,712,0.7997835,0.47131148,2025,1.0
KDL.N0000,7,KELSEY DEVELOPMENTS PLC,01/JAN/1984,17429274,1.0,,,0.0,0.0,0.0,0.0,67.0,3.5,0.0,0.0,0.0,0.0,0,0,0,0,0,0,,,,,0.0,0.0,0.0,0.0,,,,,,,,0.0,,0.0,,,17429274.0,LK0100N00004,2476.0,upload_logo/625_1631432767.jpeg,625.0,625,-0.09508243,-0.01382978,2023,1.0
KOTA.N0000,147,KOTAGALA PLANTATIONS PLC,12/DEC/1995,423140625,1.0,,9.0,9.3,9.4,10.4,12.3,230.0,3.4,8.8,7.9,7.5,7.5,543263,1643249,5372120,39204939,318220522,75,,,,,4892261.0,14829040.0,47676272.0,355863136.0,,9.0,,,,9.2,8.9,9.0,3808265625.0,0.04688586,0.0,0.0,423140625.0,LK0244N00000,380.0,upload_logo/713_1192778513.gif,713.0,713,0.17180736,0.049653213,2025,1.0
TYRE.N0000,82,KELANI TYRES PLC,28/JAN/1994,80400000,1.0,,89.8,91.0,92.0,93.6,110.5,138.7,2.75,89.3,82.9,80.0,80.0,11411,66631,131923,1427135,10933138,21,,,,,1026515.0,5997836.0,11718129.0,123656208.0,,90.0,,,,91.0,89.4,89.8,7219920000.0,0.088888794,-0.2,-0.2222222222222222,80400000.0,LK0216N00008,318.0,upload_logo/673_1192693045.gif,673.0,673,0.066829,-0.0759773,2025,1.0
LAMB.N0000,389,KOTMALE HOLDINGS PLC,01/JAN/1969,31400000,1.0,,1350.5,1448.0,1448.0,1750.0,2300.0,2300.0,1.0,1399.5,1201.25,1010.0,371.0,0,18,205,5814,36454,0,,,,,0.0,25481.0,282716.25,8294361.0,,1350.5,,,,,,1350.5,42405700000.0,0.52208215,0.0,0.0,31400000.0,LK0107N00009,,,,484,0.0806277,0.016708702,2025,1.0
LOLC.N0000,410,L O L C HOLDINGS PLC,01/JAN/1982,475200000,1.0,,561.0,572.5,575.0,640.0,640.0,1600.0,14.5,560.25,519.75,504.0,504.0,35051,283063,824228,12301933,31275361,43,,,,,19662038.0,159943792.0,461904608.0,7137601500.0,,564.25,,,,565.0,560.0,561.0,266587200000.0,3.282116,-3.25,-0.5759858218874613,475200000.0,LK0113N00007,2168.0,upload_logo/378_1601611239.jpeg,378.0,378,0.42099568,0.43395334,2025,1.0
LPRT.N0000,137,LAKE HOUSE PRINTERS & PUBLISHERS PLC,01/JAN/1975,2937245,1.0,,694.75,718.5,785.0,1205.0,1205.0,1205.0,15.0,685.0,674.0,439.0,225.25,35,1126,7758,58896,104479,4,,,,,24850.0,780680.25,5601992.5,44861820.0,,694.75,,,,710.0,710.0,694.75,2040650963.75,0.025123686,0.0,0.0,2937245.0,LK0106N00001,401.0,upload_logo/741_1193025984.gif,741.0,741,0.5511364,0.2656053,2025,1.0
CPRT.N0000,241,KERNER HAUS GLOBAL SOLUTIONS PLC,01/JAN/1974,42011900,1.0,,44.1,59.9,4400.0,4700.0,4700.0,4700.0,44.0,44.0,44.0,44.0,45.0,124603,1520113,1545627,1688135,1660515,159,,,,,5585511.0,76861392.0,176733824.0,503661344.0,,44.3,,,,47.0,44.0,44.1,1852724790.0,0.022810014,-0.2,-0.45146726862302483,42011900.0,LK0036N00000,2024.0,upload_logo/1LTQGJ3waHpDHPKW_4Nov2025090350GMT_1762247030603.jpeg,730.0,730,1.9531926,1.3819357,2025,1.0
LVEF.N0000,4038,L V L ENERGY FUND PLC,09/JAN/2018,698733742,1.0,,8.7,9.4,9.4,10.8,12.8,12.8,4.1,8.4,7.8,7.0,5.5,402914,10533992,29968098,134367155,1339814441,92,,,,,3506081.5,94003248.0,261589792.0,1207218820.0,,8.6,,,,8.8,8.6,8.7,6078983555.4,0.074842036,0.1,1.1627906976744187,766353136.0,LK0456N00000,2169.0,upload_logo/1707_1601611265.jpeg,1707.0,1707,1.118777,0.3248739,2025,1.0
LALU.N0000,18,LANKA ALUMINIUM INDUSTRIES PLC,20/APR/1987,68514115,1.0,,45.6,48.7,48.7,51.5,55.6,170.0,3.0,45.3,40.0,38.9,33.4,180835,664101,1554480,9212683,75132775,48,,,,,8306695.0,30880262.0,69537008.0,434645760.0,,46.5,,,,47.0,45.5,45.6,3124243644.0,0.03846445,-0.9,-1.935483870967742,68514115.0,LK0108N00007,321.0,upload_logo/674_1192698681.gif,674.0,674,0.9724026,0.575662,2025,1.0
CERA.N0000,259,LANKA CERAMIC PLC,07/APR/1993,6000000,1.0,,180.5,182.0,189.0,191.0,191.0,239.75,10.0,174.0,167.5,159.0,140.0,369,162,3664,107143,322567,9,,,,,66704.5,29122.5,653883.0,18497906.0,,179.75,,,,181.0,180.0,180.5,1083000000.0,0.013333467,0.75,0.4172461752433936,6000000.0,LK0206N00009,2162.0,upload_logo/676_1601611077.jpeg,676.0,676,-0.2732684,-0.21563682,2025,1.0
ASHO.N0000,550,LANKA ASHOK LEYLAND PLC,01/JAN/1983,3620843,1.0,,3121.75,3459.75,3498.0,4200.0,4390.0,7490.0,5.0,3100.0,2551.25,2400.0,940.0,88,2084,9226,76954,461951,15,,,,,282599.0,6809061.0,28171756.0,254102208.0,,3121.75,,,,3234.0,3116.25,3121.75,11303366635.25,0.13916257,0.0,0.0,3620843.0,LK0109N00005,2160.0,upload_logo/695_1601610877.jpeg,695.0,695,2.6117425,1.6885246,2025,1.0
LMF.N0000,518,LANKA MILK FOODS (CWE) PLC,01/JAN/1983,399980000,1.0,,92.0,94.6,95.6,96.7,96.7,295.0,2.75,91.2,79.0,68.0,44.5,480180,1683597,12908376,92565724,227447350,132,,,,,44184448.0,155480192.0,1164741630.0,7614656500.0,,92.0,,,,92.3,91.8,92.0,36798160000.0,0.45304435,0.0,0.0,399980000.0,LK0112N00009,142.0,upload_logo/486_1192178729.gif,486.0,486,1.1915585,0.54082596,2025,1.0
LIOC.N0000,553,LANKA IOC PLC,22/DEC/2004,532465705,1.0,,141.5,147.0,147.0,158.0,158.0,296.0,13.0,141.5,138.25,128.0,125.0,194890,1315163,5533007,31855634,92116032,163,,,,,27578660.0,188389344.0,785535360.0,4532580900.0,,141.75,,,,143.0,140.75,141.5,75343897257.5,0.9276042,-0.25,-0.1763668430335097,532465705.0,LK0345N00005,2248.0,upload_logo/729_1603173445.jpeg,729.0,729,0.45373377,0.2867276,2025,1.0
LCBF.N0000,5251,LANKA CREDIT AND BUSINESS FINANCE PLC,16/NOV/2021,790168780,1.0,,7.9,8.3,8.5,9.9,11.4,11.4,1.5,7.9,7.5,7.0,2.6,2170835,8165912,34014587,424994075,1548263251,204,,,,,17277048.0,65644048.0,274895552.0,3696861700.0,,8.1,,,,8.1,7.8,7.9,6242333362.0,0.076853134,-0.2,-2.4691358024691357,790168780.0,LK0474N00003,2540.0,upload_logo/2512_1637033956.jpeg,2512.0,2512,1.2012987,0.52774274,2025,
TILE.N0000,337,LANKA TILES PLC,01/JUN/1986,265252050,1.0,,45.0,46.5,47.8,53.3,58.0,342.0,6.0,45.0,44.5,42.2,42.2,180992,123634,986993,5540255,24877045,119,,,,,8159572.5,5617879.0,44590368.0,270754048.0,,46.0,,,,46.4,45.0,45.0,11936342250.0,0.14695552,-1.0,-2.1739130434782608,265252050.0,LK0114N00005,2031.0,upload_logo/FADtPapIV26yow9G_22Jul2024093715GMT_1721641035603.jpeg,677.0,677,0.6431277,0.46800125,2025,1.0
ASCO.N0000,250,LANKA REALTY INVESTMENTS PLC,01/JAN/1969,211370428,1.0,,46.9,50.0,50.0,57.4,57.4,225.0,2.0,45.2,41.0,37.3,10.0,7796,812492,2566293,38335180,215041372,14,,,,,371140.9,38614004.0,116973880.0,1882662910.0,,47.5,,,,48.3,45.9,46.9,9913273073.2,0.12204829,-0.6,-1.263157894736842,211370428.0,LK0008N00009,2905.0,upload_logo/401_1667891703.jpeg,401.0,401,2.2578464,1.6231084,2025,1.0
LVEN.N0000,443,LANKA VENTURES PLC,08/JUN/1995,58324932,1.0,,60.6,66.9,67.9,76.5,93.0,93.0,3.0,60.0,55.0,47.1,38.5,160,204440,306921,1707926,26456864,7,,,,,9691.7,12430243.0,18990320.0,107325216.0,,63.5,,,,62.9,60.4,60.6,3534490879.2,0.04351525,-2.9,-4.566929133858268,58324932.0,LK0240N00008,2165.0,upload_logo/377_1601611136.jpeg,377.0,377,1.0608766,0.10892182,2025,1.0
LWL.N0000,67,LANKA WALLTILE PLC,13/JUN/1994,273000000,1.0,,48.1,51.3,51.5,56.5,58.0,340.0,5.5,48.1,45.5,43.0,43.0,9338,103973,316851,7293163,34070964,20,,,,,450492.6,5142589.0,15363705.0,385395456.0,,48.3,,,,48.5,48.1,48.1,13131300000.0,0.16166736,-0.2,-0.4140786749482402,273000000.0,LK0219N00002,2037.0,upload_logo/rjQu3MIImbVm4Q5c_22Jul2024093537GMT_1721640937226.jpeg,678.0,678,0.49296537,0.40983605,2025,1.0
LCEY.N0000,527,LANKEM CEYLON PLC,01/JAN/1970,137255352,1.0,,42.5,43.1,43.1,54.9,117.0,590.0,6.0,41.0,38.9,31.1,31.1,222,28991,83565,1744201,5736033,2,,,,,9432.2,1216544.8,3428176.5,80944128.0,,41.6,,,,42.5,42.4,42.5,5833352460.0,0.07181793,0.9,2.1634615384615383,137255352.0,LK0115N00002,153.0,upload_logo/497_1192179288.gif,497.0,497,0.7172619,0.15416141,2025,1.0
LDEV.N0000,546,LANKEM DEVELOPMENTS PLC,01/JAN/1975,160000000,1.0,,19.2,20.5,20.5,24.3,30.5,115.0,1.4,19.4,17.4,16.8,16.8,316764,112036,591245,5209656,116485441,56,,,,,6067615.0,2222771.5,11387252.0,108108856.0,,19.5,,,,19.9,18.9,19.2,3072000000.0,0.03782125,-0.3,-1.5384615384615385,160000000.0,LK0116N00000,184.0,upload_logo/446_1192516470.gif,446.0,446,0.64556277,0.5126103,2025,1.0
LGL.N0000,1724,LAUGFS GAS PLC,08/DEC/2010,335000086,1.0,,65.9,67.0,68.0,79.3,80.0,80.0,8.0,63.8,51.7,48.6,26.0,574834,469861,3524082,40441327,161482919,48,,,,,37833740.0,30267254.0,225774416.0,2852180480.0,,64.0,,,,67.0,63.6,65.9,22076505667.4,0.27179718,1.9,2.96875,335000086.0,LK0371N00001,1629.0,upload_logo/1020_1536297346.jpeg,1020.0,1020,-1.0175865,-0.89943254,2025,1.0
LPL.N0000,4561,LAUGFS POWER PLC,30/OCT/2019,335000086,1.0,,11.6,12.0,12.0,14.7,24.7,24.7,1.8,11.1,10.8,10.0,10.0,28525,143462,372051,6116961,47965627,24,,,,,333983.5,1653346.0,4258404.0,76074728.0,,11.5,,,,11.9,11.5,11.6,3886000997.6,0.047842905,0.1,0.8695652173913043,335000086.0,LK0459N00004,1869.0,upload_logo/1930_1583209637.jpeg,1930.0,1930,-1.4967532,-1.5707755,2025,1.0
LPL.X0000,4562,LAUGFS POWER PLC,30/OCT/2019,52000000,1.0,,9.5,9.7,9.8,10.7,17.7,17.7,1.6,9.3,9.0,8.5,7.5,9913,26008,87162,3229379,22886513,17,,,,,93350.5,248987.4,822757.2,31450440.0,,9.3,,,,9.6,9.2,9.5,494000000.0,0.006081932,0.2,2.150537634408602,,LK0459X00003,1869.0,upload_logo/1930_1583209637.jpeg,1930.0,1930,-1.4967532,-1.5707755,2025,1.0
LGL.X0000,1744,LAUGFS GAS PLC,08/DEC/2010,52000000,1.0,,48.0,50.0,50.5,64.5,64.5,64.5,5.8,45.0,38.1,37.0,17.8,73961,38846,1221354,7466207,52379258,38,,,,,3531518.5,1840323.1,54329152.0,398824864.0,,46.3,,,,49.5,45.5,48.0,2496000000.0,0.030729763,1.7,3.67170626349892,,LK0371X00000,1629.0,upload_logo/1020_1536297346.jpeg,1020.0,1020,-1.0175865,-0.89943254,2025,1.0
LFIN.N0000,322,LB FINANCE PLC,30/DEC/1997,554057136,1.0,,154.75,160.0,162.0,170.0,174.0,348.75,3.0,151.5,138.25,130.0,91.7,8987,86471,1936232,11055230,80210467,38,,,,,1373559.5,13379011.0,290357120.0,1713174530.0,,152.5,,,,155.0,152.25,154.75,85740341796.0,1.0556011,2.25,1.4754098360655739,554057136.0,LK0301N00008,2159.0,upload_logo/379_1601610854.jpeg,379.0,379,0.65909094,0.37578815,2025,1.0
LITE.N0000,382,LAXAPANA PLC,01/JAN/1982,66224939,1.0,,41.9,43.8,46.3,59.4,68.0,68.0,0.5,40.1,36.5,36.5,29.0,8315,326534,1858758,2894086,6565117,24,,,,,348034.1,13548063.0,73883928.0,119901112.0,,41.8,,,,42.1,41.2,41.9,2774824944.1,0.034162544,0.1,0.23923444976076555,66224939.0,LK0063N00004,,,,498,0.012175324,0.01907314,2025,1.0
SHAW.N0000,198,LEE HEDGES PLC,01/JAN/1954,25602730,1.0,,225.0,238.0,240.0,315.0,315.0,490.0,17.0,225.0,218.0,203.0,98.0,1172,20856,105986,20855904,24869145,10,,,,,262091.75,4741131.0,24212970.0,4591295000.0,,226.25,,,,232.0,223.0,225.0,5760614250.0,0.0709224,-1.25,-0.5524861878453039,25602730.0,LK0152N00005,,,,632,0.98268396,0.647541,2025,1.0
LION.N0000,415,LION BREWERY (CEYLON) PLC,22/JAN/1997,80000000,1.0,,1752.5,1850.0,1850.0,1875.0,1900.0,1900.0,9.5,1750.0,1660.0,1500.0,1225.0,56,2826,4929,159608,488433,6,,,,,102199.75,5071076.0,8795840.0,282549568.0,,1752.5,,,,1840.0,1819.75,1752.5,140200000000.0,1.7260869,0.0,0.0,80000000.0,LK0291N00001,3706.0,upload_logo/h86lOvFReO03p0OK_13Mar2026060110GMT_1773381670392.png,485.0,485,0.3336039,0.17465322,2025,1.0
LOFC.N0000,1847,LOLC FINANCE PLC,07/JUL/2011,29560147161,1.0,,5.5,5.8,5.8,6.5,7.2,39.9,1.9,5.5,5.1,4.9,4.9,514895,3783781,20209206,154500904,1264706232,133,,,,,2842892.0,21176232.0,112025696.0,887267900.0,,5.6,,,,5.6,5.5,5.5,162580809385.5,2.0016305,-0.1,-1.7857142857142858,29560147161.0,LK0392N00007,3564.0,upload_logo/TsNgkWUI2a1CtTbN_27Dec2025051430GMT_1766812470566.jpeg,1073.0,1073,0.5127165,0.46011978,2025,1.0
HPFL.N0000,1665,LOTUS HYDRO POWER PLC,25/NOV/2010,109088112,1.0,,14.3,15.0,15.0,17.8,17.8,21.8,4.1,14.1,13.2,12.5,11.5,2063,43789,170054,2380404,11342841,6,,,,,29421.3,638273.6,2427108.0,36022548.0,,14.3,,,,14.7,14.1,14.3,1559960001.6,0.01920561,0.0,0.0,109088112.0,LK0370N00003,2249.0,upload_logo/1000_1603173465.jpeg,1000.0,1000,0.9207251,0.6979824,2025,1.0
LGIL.N0000,5355,LOLC GENERAL INSURANCE PLC,31/DEC/2021,1200000000,1.0,,8.0,8.4,8.4,9.5,10.3,22.6,4.5,7.9,7.0,6.5,6.5,26500,515063,1313773,11578360,74909217,22,,,,,216942.2,4195643.0,10147590.0,91473608.0,,8.1,,,,8.4,8.0,8.0,9600000000.0,0.1181914,-0.1,-1.2345679012345678,1200000000.0,LK0480N00000,2701.0,upload_logo/2693_1640884312.jpeg,2693.0,2693,1.01921,0.6707125,2025,
MADU.N0000,170,MADULSIMA  PLANTATIONS  PLC,06/JUL/1998,169501097,1.0,,11.8,12.4,13.0,13.3,15.5,37.0,3.7,11.7,11.1,10.6,10.6,29135,53052,427670,3399187,12713886,13,,,,,348885.4,635493.4,5115195.5,41683968.0,,11.8,,,,12.0,11.8,11.8,2000112944.6,0.024624597,0.0,0.0,169501097.0,LK0251N00005,3604.0,upload_logo/ETqGjgnA01aWsbXm_16Jan2026202010GMT_1768594810986.webp,721.0,721,0.7529762,0.22273014,2025,1.0
MCPL.N0000,4439,MAHAWELI COCONUT PLANTATIONS PLC,03/JUN/2019,34996115,1.0,,52.7,54.5,55.0,59.0,63.0,65.0,13.5,51.0,47.9,47.9,35.0,467,23254,76958,735447,4070382,4,,,,,24421.9,1200857.8,3958633.0,40142536.0,,51.4,,,,52.8,51.5,52.7,1844295260.5,0.022706233,1.3,2.529182879377432,34996115.0,LK0458N00006,2170.0,upload_logo/1907_1601611287.jpeg,1907.0,1907,0.12987013,0.16629887,2025,1.0
LUMX.N0000,5532,LUMINEX PLC,23/JUN/2022,271250000,1.0,,11.5,9.8,9.9,12.8,12.8,12.8,5.6,9.1,8.4,6.5,5.6,11982056,1601736,7338211,95997562,172467931,1373,,,,,134263552.0,15023978.0,67974952.0,926667390.0,,9.5,,,,11.6,9.5,11.5,3119375000.0,0.03840451,2.0,21.05263157894737,271250000.0,LK0487N00005,2903.0,upload_logo/2790_1655963030.jpeg,2790.0,2790,-0.14150432,0.098045394,2025,
MFPE.N0000,6032,MAHARAJA FOODS PLC,26/JUL/2024,137500000,1.0,,14.5,13.8,14.0,15.1,15.1,15.1,5.0,13.2,12.6,11.7,6.6,799675,180504,769130,20545754,128771711,329,,,,,11438895.0,2427182.2,10239766.0,285099904.0,,13.5,,,,15.0,13.7,14.5,1993750000.0,0.02454626,1.0,7.407407407407407,137500000.0,LK0493N00003,3324.0,upload_logo/rKOVwiiAhFtKTrxH_25Jul2024100137GMT_1721901697163.png,3178.0,3178,-0.39502165,-0.23802017,2025,
MAL.N0000,439,MALWATTE VALLEY PLANTATION PLC,26/JUL/2000,202792331,1.0,,57.5,57.6,57.6,59.5,63.9,127.0,2.1,57.5,50.1,50.1,50.1,0,516,9243,289270,679255,0,,,,,0.0,29671.0,526518.2,16031474.0,,57.5,,,,,,57.5,11660559032.5,0.14356019,0.0,0.0,202792331.0,LK0313N00003,382.0,upload_logo/722_1192785554.gif,722.0,722,-0.32656926,-0.07203656,2025,1.0
MRH.N0000,187,MAHAWELI REACH HOTELS PLC,01/JAN/1982,47066447,1.0,,17.6,17.7,17.7,20.0,23.6,160.0,3.0,17.2,16.3,15.0,15.0,5,4817,29727,356166,2118029,1,,,,,86.5,83993.8,504820.0,6315901.0,,17.6,,,,17.3,17.3,17.6,828369467.2,0.010198557,0.0,0.0,47066447.0,LK0118N00006,2100.0,upload_logo/563_1601462254.jpeg,563.0,563,0.79897183,0.33511978,2025,1.0
MAL.X0000,1595,MALWATTE VALLEY PLANTATION PLC,26/JUL/2000,20250660,1.0,,40.0,40.9,41.0,43.5,49.0,99.9,2.0,38.1,38.0,34.1,31.3,0,149,2340,40489,180297,0,,,,,0.0,5958.1,94269.2,1610076.8,,40.0,,,,,,40.0,810026400.0,0.009972724,0.0,0.0,,LK0313X00002,382.0,upload_logo/722_1192785554.gif,722.0,722,-0.32656926,-0.07203656,2025,1.0
MARA.N0000,107,MARAWILA  RESORTS  PLC,18/JUN/1997,351923389,1.0,,6.3,6.6,6.8,7.3,8.5,18.3,0.7,6.2,5.4,5.3,5.3,46263,848273,3372125,15340748,231064109,14,,,,,294986.9,5392631.5,21324452.0,100375184.0,,6.4,,,,6.5,6.3,6.3,2217117350.7,0.027296271,-0.1,-1.5625,351923389.0,LK0292N00009,,,,564,1.0300325,0.5624212,2025,1.0
MASK.N0000,388,MASKELIYA PLANTATIONS PLC,05/NOV/1997,53953489,1.0,,71.0,73.0,76.7,84.0,119.75,119.75,5.5,69.0,69.0,63.0,63.0,848,57508,384765,1229386,8257077,9,,,,,60323.0,4027285.5,27908222.0,90778752.0,,70.8,,,,72.0,71.0,71.0,3830697719.0,0.047162034,0.2,0.2824858757062147,53953489.0,LK0250N00007,383.0,upload_logo/723_1192785889.gif,723.0,723,0.74161255,0.28956494,2025,1.0
MELS.N0000,3695,MELSTACORP PLC,30/DEC/2016,1165397072,1.0,,183.0,183.5,183.5,186.5,195.5,195.5,16.0,179.0,167.0,158.5,126.0,16856,402856,5428369,26768049,65984606,42,,,,,3085785.0,73209328.0,928578050.0,4636477400.0,,183.0,,,,183.75,182.0,183.0,213267664176.0,2.625667,0.0,0.0,1165397072.0,LK0450N00003,1269.0,upload_logo/1507_1483005125.jpeg,1507.0,1507,0.90909094,0.6486444,2025,1.0
MBSL.N0000,400,MERCHANT BANK OF SRI LANKA & FINANCE PLC,04/JAN/1991,524539637,1.0,,13.2,12.5,12.5,14.9,17.5,168.0,1.25,11.5,10.7,9.8,5.9,2893506,749264,2324146,41297784,219000235,507,,,,,37279480.0,9131836.0,27984328.0,531962592.0,,12.0,,,,13.8,12.1,13.2,6923923208.4,0.085244596,1.2,10.0,,LK0186N00003,2102.0,upload_logo/380_1601462338.jpeg,380.0,380,0.6823593,0.49479824,2025,1.0
MERC.N0000,1799,MERCANTILE INVESTMENTS AND FINANCE PLC,02/JUN/2011,601200000,1.0,,29.0,30.5,31.0,40.0,10999.0,10999.0,28.2,28.9,28.5,28.2,28.2,79782,488215,1598111,6222644,6977911,69,,,,,2314929.2,14411401.0,46850084.0,207438944.0,,29.3,,,,30.0,28.9,29.0,17434800000.0,0.21465035,-0.3,-1.023890784982935,634600000.0,LK0379N00004,2101.0,upload_logo/1064_1601462304.jpeg,1064.0,1064,0.0,0.0,2025,1.0
MDL.N0000,5351,MYLAND DEVELOPMENTS PLC,28/DEC/2021,36250000,1.0,,25.2,26.6,27.0,31.2,31.2,31.2,7.5,24.6,21.0,19.3,7.9,134993,263944,765224,9239434,51234549,60,,,,,3507152.5,6648694.0,19237916.0,234320208.0,,25.8,,,,27.9,25.0,25.2,913500000.0,0.0112466505,-0.6,-2.3255813953488373,36250000.0,LK0478N00004,2680.0,upload_logo/2672_1640636102.jpeg,2672.0,2672,-1.941829,-1.1625158,2025,
MHDL.N0000,3055,MILLENNIUM HOUSING DEVELOPERS PLC,19/FEB/2014,134681320,1.0,,11.3,11.6,12.0,13.3,13.3,14.1,2.1,10.7,8.7,6.3,3.4,338018,954491,6349380,59384621,120745701,143,,,,,3871933.0,10587469.0,70921352.0,621026430.0,,11.2,,,,11.7,11.1,11.3,1521898916.0,0.018737016,0.1,0.8928571428571429,134681320.0,LK0425N00005,869.0,upload_logo/1304_1392780761.jpeg,1304.0,1304,1.1036255,1.2260404,2025,1.0
MSL.N0000,209,MERCANTILE SHIPPING COMPANY PLC,01/JAN/1983,2844990,1.0,,200.0,208.0,214.0,550.0,820.5,820.5,23.0,198.5,195.0,195.0,172.25,2304,12693,43986,469009,523332,32,,,,,462645.75,2570242.2,8934175.0,131202616.0,,201.25,,,,203.0,200.0,200.0,568998000.0,0.007005278,-1.25,-0.6211180124223602,2844990.0,LK0121N00000,402.0,upload_logo/742_1193026791.gif,742.0,742,0.6985931,-0.20334174,2025,1.0
MULL.N0000,384,MULLER & PHIPPS (CEYLON) PLC,01/JAN/1965,283000000,1.0,,2.4,2.5,2.7,2.8,2.9,90.0,0.3,2.2,1.9,1.9,1.0,652263,3110802,15009832,125628920,322588992,49,,,,,1533231.2,7183241.5,36145636.0,307641472.0,,2.3,,,,2.4,2.3,2.4,679200000.0,0.008362041,0.1,4.3478260869565215,283000000.0,LK0126N00009,422.0,upload_logo/763_1193039070.gif,763.0,763,3.830357,2.542875,2025,1.0
NAMU.N0000,291,NAMUNUKULA PLANTATIONS PLC,10/MAR/1999,237500000,1.0,,73.2,76.9,76.9,965.0,965.0,1100.0,6.0,71.0,66.0,57.5,57.5,2988,166060,467495,1988335,3008727,22,,,,,218147.5,12291647.0,33625396.0,447291648.0,,73.0,,,,74.0,72.8,73.2,17385000000.0,0.21403724,0.2,0.273972602739726,237500000.0,LK0295N00002,385.0,upload_logo/725_1192787431.gif,725.0,725,0.10849567,-0.26970366,2025,1.0
CSF.N0000,218,NATION LANKA FINANCE PLC,13/JUN/1994,6996774035,1.0,,,0.0,0.0,0.0,0.2,51.0,0.1,0.0,0.0,0.0,0.1,0,0,0,0,1497755074,0,,,,,0.0,0.0,0.0,0.0,,,,,,,,0.0,,0.0,,,6996774035.0,LK0218N00004,1549.0,upload_logo/368_1519372446.jpeg,368.0,368,-2.771875,-2.777371,2025,1.0
NDB.N0000,77,NATIONAL DEVELOPMENT BANK PLC,26/APR/1993,432197834,1.0,,113.25,117.0,132.75,159.0,159.0,490.0,24.0,112.75,104.5,104.5,102.0,207442,1659892,17303230,29862587,122940661,363,,,,,23530500.0,190043344.0,1935405950.0,3761375230.0,,113.5,,,,115.0,112.75,113.25,48946404700.5,0.60260874,-0.25,-0.22026431718061673,432197834.0,LK0207N00007,2032.0,upload_logo/7rxY42O5iDArNVtY_9Feb2024065548GMT_1707461748749.jpeg,386.0,386,1.5965909,1.2700189,2025,1.0
NTB.N0000,9,NATIONS TRUST BANK PLC,03/MAY/1999,288491504,1.0,,314.0,317.0,317.0,356.0,356.0,356.0,7.75,311.5,283.5,268.5,185.0,5376,282313,1178150,8481678,34657976,33,,,,,1687016.2,88365776.0,361783072.0,2632068350.0,,315.25,,,,314.0,312.25,314.0,90586332256.0,1.115263,-1.25,-0.3965107057890563,288491504.0,LK0309N00001,543.0,upload_logo/387_1216701989.gif,387.0,387,1.5757576,1.3139975,2025,1.0
NTB.X0000,4077,NATIONS TRUST BANK PLC,03/MAY/1999,44935262,1.0,,419.75,420.0,450.0,477.0,480.0,480.0,44.6,407.0,390.0,351.0,226.0,389,549,5290,48922,137647,26,,,,,161339.25,230111.0,2157183.5,20797506.0,,419.5,,,,420.0,410.0,419.75,18861576224.5,0.23221625,0.25,0.05959475566150179,,LK0309X00000,543.0,upload_logo/387_1216701989.gif,387.0,387,1.5757576,1.3139975,2025,1.0
NHL.N0000,230,NAWALOKA HOSPITALS PLC,09/SEP/2004,1409505596,1.0,,15.1,16.2,16.2,16.2,15.2,47.0,1.6,11.8,10.5,9.7,5.2,1803753,19334075,22720076,64578503,163350677,484,,,,,27531630.0,282023104.0,321566656.0,838175420.0,,15.6,,,,16.0,14.8,15.1,21283534499.6,0.26203445,-0.5,-3.2051282051282053,1409505596.0,LK0342N00002,2640.0,upload_logo/980_1639713051.jpeg,980.0,980,2.4567099,1.9006935,2025,1.0
OSEA.N0000,387,OVERSEAS REALTY (CEYLON) PLC,01/JAN/1982,1243029582,1.0,,48.0,48.0,48.0,50.0,50.0,50.0,1.5,45.8,40.0,38.4,21.7,1428679,4325217,6683694,44715977,230020050,153,,,,,68485328.0,204158576.0,309910496.0,2028828030.0,,47.9,,,,48.3,47.5,48.0,59665419936.0,0.734577,0.1,0.20876826722338204,1243029582.0,LK0133N00005,2105.0,upload_logo/628_1601462449.jpeg,628.0,628,1.1320347,0.97935057,2025,1.0
ODEL.N0000,1596,ODEL PLC,04/AUG/2010,538369934,1.0,,13.1,14.7,15.0,16.5,16.5,52.4,10.0,13.0,11.8,10.1,10.0,73548,324951,854513,2507438,4216400,48,,,,,945879.2,4453910.5,11351553.0,32829230.0,,13.4,,,,13.6,12.8,13.1,7052646135.4,0.08682939,-0.3,-2.2388059701492535,538369934.0,LK0366N00001,,,,960,0.8961039,0.7336066,2025,1.0
ONAL.N0000,492,ON'ALLY HOLDINGS PLC,20/OCT/1988,93003087,1.0,,41.0,45.9,45.9,48.0,59.0,156.6,7.25,40.0,37.7,35.0,27.8,2000,10534,27054,383293,3024815,5,,,,,82022.2,445563.1,1119869.2,16669860.0,,40.3,,,,41.6,41.0,41.0,3813126567.0,0.046945702,0.7,1.7369727047146402,93003087.0,LK0180N00006,2104.0,upload_logo/627_1601462418.jpeg,627.0,627,-0.01217532,-0.37894073,2025,1.0
OFEQ.N0000,526,OFFICE EQUIPMENT PLC,01/JAN/1974,833560,1.0,,549.0,571.0,620.0,950.0,950.0,4627.2,40.0,530.0,495.0,295.0,160.25,132,1130,13590,63719,104966,10,,,,,72692.75,615298.75,7344470.0,36499880.0,,567.5,,,,567.25,540.25,549.0,457624440.0,0.005634091,-18.5,-3.2599118942731278,833560.0,LK0132N00007,2251.0,upload_logo/769_1603173546.jpeg,769.0,769,-0.15827923,0.045554854,2025,1.0
PABC.N0000,105,PAN ASIA BANKING CORPORATION PLC,05/APR/2005,442561629,1.0,,53.7,55.0,55.0,65.0,71.4,76.5,6.1,53.0,48.8,48.1,34.0,169730,932730,4745261,33736628,332405710,80,,,,,9105840.0,49899476.0,248293136.0,1923954820.0,,53.1,,,,54.0,53.0,53.7,23765559477.3,0.29259214,0.6,1.1299435028248588,442561629.0,LK0346N00003,2107.0,upload_logo/388_1601462524.jpeg,388.0,388,1.898539,1.5808638,2025,1.0
PALM.N0000,354,PALM GARDEN HOTELS PLC,08/MAR/1993,475937000,1.0,,61.4,66.4,67.9,77.9,87.6,360.0,9.0,61.2,53.2,50.0,50.0,1140,2341,14797,147514,3249725,7,,,,,70012.5,144235.6,896495.4,9749887.0,,61.3,,,,65.0,61.2,61.4,29222531800.0,0.35977623,0.1,0.1631321370309951,475937000.0,LK0208N00005,2106.0,upload_logo/529_1601462485.jpeg,529.0,529,0.7697511,0.4287516,2025,1.0
PAP.N0000,1784,PANASIAN POWER PLC,07/JAN/2011,625000000,1.0,,20.5,21.4,21.5,26.8,33.3,33.3,1.9,19.9,19.0,17.5,6.8,67720,977365,4264257,34665999,413615907,53,,,,,1399317.5,19963610.0,87069824.0,765846080.0,,20.5,,,,20.9,20.2,20.5,12812500000.0,0.15774243,0.0,0.0,625000000.0,LK0372N00009,2108.0,upload_logo/1040_1601462556.jpeg,1040.0,1040,1.0175866,0.5598991,2025,1.0
PARA.N0000,487,PARAGON CEYLON PLC,01/JAN/1974,1000280,1.0,,577.0,649.75,690.0,710.0,710.0,2800.0,35.0,535.0,451.75,150.0,76.1,204,1040,4139,71056,130451,7,,,,,117691.0,588029.5,2366142.0,28919414.0,,576.0,,,,588.5,576.0,577.0,577161560.0,0.0071057845,1.0,0.1736111111111111,1000280.0,LK0134N00003,2252.0,upload_logo/743_1603173619.jpeg,743.0,743,-0.08901515,-0.00472887,2025,1.0
PEG.N0000,504,PEGASUS HOTELS OF CEYLON PLC,01/JAN/1970,42210470,1.0,,41.0,42.0,43.5,50.0,51.9,97.9,3.0,40.0,37.0,33.6,30.1,0,3362,16187,322641,2671612,0,,,,,0.0,136351.8,665665.6,13239605.0,,41.0,,,,,,41.0,1730629270.0,0.021306822,0.0,0.0,42210470.0,LK0136N00008,3705.0,upload_logo/H0UKYIp7DUCwkuxJ_13Mar2026060036GMT_1773381636463.png,567.0,567,0.1176948,-0.28483605,2025,1.0
PINS.N0000,3461,PEOPLE'S INSURANCE PLC,12/JAN/2016,203632478,1.0,,32.1,31.5,31.5,34.7,45.5,50.0,14.7,30.0,25.0,24.7,24.7,77195,233629,944005,4883593,48852707,31,,,,,2474963.5,7123311.0,26683264.0,148217408.0,,30.7,,,,32.5,31.0,32.1,6536602543.8,0.08047606,1.4,4.5602605863192185,203632478.0,LK0445N00003,3044.0,upload_logo/eMGMdbZtt5XQ0nTL_2Jun2023052542GMT_1685683542305.png,1465.0,1465,1.7072511,1.0308954,2025,1.0
GLAS.N0000,486,PGP GLASS CEYLON PLC,05/SEP/1994,950086080,1.0,,57.1,58.2,58.4,60.0,61.5,104.5,1.2,56.2,52.1,50.2,38.0,5754,27752,94618,2655968,11798557,13,,,,,328882.4,1595061.2,5330490.5,145842992.0,,56.4,,,,57.4,56.5,57.1,54249915168.0,0.6679035,0.7,1.2411347517730495,950086080.0,LK0223N00004,2541.0,upload_logo/666_1637124028.jpeg,666.0,666,0.11363636,0.030580075,2025,1.0
PMB.N0000,523,PMF FINANCE PLC,11/JUL/1994,405301750,1.0,,13.5,14.4,14.4,15.1,19.5,93.5,3.3,13.0,11.0,10.2,7.3,143418,823223,2691673,13704124,80480014,46,,,,,1927073.0,11252711.0,35366280.0,186149216.0,,13.0,,,,13.6,13.0,13.5,5471573625.0,0.06736384,0.5,3.8461538461538463,405301750.0,LK0221N00008,2924.0,upload_logo/405_1668414284.jpeg,405.0,405,1.0892857,0.88020176,2025,1.0
PLC.N0000,1968,PEOPLE'S LEASING & FINANCE PLC,24/NOV/2011,2209867246,1.0,,24.7,25.5,25.6,28.9,32.0,32.0,4.9,24.7,22.4,21.6,16.7,19311,715926,7412908,33238838,337527134,27,,,,,477325.3,17776074.0,178305072.0,835633980.0,,24.8,,,,25.0,24.6,24.7,54583720976.2,0.67201316,-0.1,-0.4032258064516129,2209867246.0,LK0399N00002,2033.0,upload_logo/1103_1600926857.jpeg,1103.0,1103,1.0846862,0.5,2025,1.0
PLR.N0000,4986,PRIME LANDS RESIDENCIES PLC,08/JUN/2021,937500000,1.0,,49.2,51.2,52.2,60.7,60.7,60.7,4.5,49.3,45.1,33.4,11.5,237115,2079706,16814262,225131941,750127471,289,,,,,11658991.0,104197864.0,844066560.0,10368647200.0,,49.4,,,,49.6,48.9,49.2,46125000000.0,0.5678727,-0.2,-0.4048582995951417,937500000.0,LK0465N00001,3305.0,upload_logo/oc39KineiYln5UAB_20Jun2024104606GMT_1718880366051.png,2279.0,2279,1.2186147,0.6379256,2025,1.0
RIL.N0000,3815,R I L PROPERTY PLC,04/MAY/2017,800000000,1.0,,28.0,30.3,30.7,38.3,38.8,38.8,3.3,28.0,24.8,22.5,15.4,558032,5268370,19514957,121626593,694593822,188,,,,,15625109.0,151991088.0,559207940.0,3880962820.0,,28.0,,,,29.0,27.7,28.0,22400000000.0,0.27577993,0.0,0.0,800000000.0,LK0452N00009,1369.0,upload_logo/1544_1496204709.jpeg,1544.0,1544,1.5454545,0.491488,2025,1.0
RGEM.N0000,203,RADIANT GEMS INTERNATIONAL PLC,01/JAN/1983,2400000,1.0,,151.5,167.5,172.0,236.25,236.25,241.5,4.0,152.0,152.0,90.1,63.0,919,10902,21948,840643,1575444,26,,,,,139373.5,1692091.8,3476564.0,130069464.0,,152.25,,,,152.25,150.0,151.5,363600000.0,0.0044764993,-0.75,-0.49261083743842365,2400000.0,LK0140N00000,429.0,upload_logo/770_1193045557.gif,770.0,770,1.5695347,1.1473833,2025,1.0
RFL.N0000,2150,RAMBODA FALLS PLC,18/JUN/2012,20000000,1.0,,35.0,35.8,35.9,42.5,52.5,52.5,11.5,33.0,30.0,30.0,27.4,9720,6382,51105,344545,1895620,2,,,,,340223.8,221972.3,1754130.6,12361876.0,,35.0,,,,35.7,35.0,35.0,700000000.0,0.008618123,0.0,0.0,20000000.0,LK0415N00006,744.0,upload_logo/1185_1347261816.jpeg,1185.0,1185,0.28030303,0.264029,2025,1.0
CARE.N0000,258,PRINTCARE PLC,02/MAY/1995,85966670,1.0,,49.0,53.8,53.8,60.0,68.0,350.0,7.0,48.9,45.0,43.0,43.0,13382,43813,63580,1136203,9855049,8,,,,,655465.0,2179598.2,3120879.5,58720520.0,,49.0,,,,49.0,48.9,49.0,4212366830.0,0.051860992,0.0,0.0,85966670.0,LK0241N00006,581.0,upload_logo/681_1259581320.jpeg,681.0,681,-0.23051947,-0.14423075,2025,1.0
RHL.N0000,701,RENUKA HOLDINGS PLC,10/MAR/2008,165488271,1.0,,53.5,55.0,56.0,64.9,64.9,144.0,8.3,51.1,48.0,45.0,17.1,4169,87586,1057429,28744781,105506680,21,,,,,220318.7,4655164.0,56413272.0,1627284860.0,,53.5,,,,54.0,52.4,53.5,8853622498.5,0.10900229,0.0,0.0,165488271.0,LK0355N00004,948.0,upload_logo/Ou2cXXprvQWaAT6r_5Jul2023093116GMT_1688549476409.jpeg,821.0,821,1.9875541,1.476198,2025,1.0
RWSL.N0000,1561,RAIGAM WAYAMBA SALTERNS PLC,29/APR/2010,282207320,1.0,,21.6,22.3,22.9,26.8,33.0,33.0,1.5,20.9,19.4,17.8,9.1,15470,292902,1055536,11456602,180817748,28,,,,,331522.5,6205445.0,21954138.0,263412000.0,,21.4,,,,21.7,21.1,21.6,6095678112.0,0.075047575,0.2,0.9345794392523364,282207320.0,LK0363N00008,,,,948,1.7578464,0.99038464,2025,1.0
RAL.N0000,1485,RENUKA AGRI FOODS PLC,04/JAN/2010,798829305,1.0,,13.9,14.9,15.0,16.9,16.9,16.9,1.7,13.8,12.5,10.0,3.4,1582512,6296140,30134766,471529730,1272099492,295,,,,,21954820.0,89109072.0,424063808.0,6624720400.0,,13.9,,,,14.1,13.6,13.9,11103727339.5,0.1367047,0.0,0.0,798829305.0,LK0361N00002,949.0,upload_logo/901_1414044223.jpeg,901.0,901,1.7521645,0.96800125,2025,1.0
COCO.N0000,507,RENUKA FOODS PLC,06/JUN/1994,360010634,1.0,,31.6,33.9,34.0,79.2,79.2,95.0,8.5,31.1,28.0,22.5,11.2,25273,364415,2811639,47155856,119703004,28,,,,,796532.0,11688896.0,89956192.0,3080669700.0,,31.9,,,,32.0,31.3,31.6,11376336034.4,0.14006095,-0.3,-0.9404388714733543,360010634.0,LK0220N00000,950.0,upload_logo/461_1414044348.jpeg,461.0,461,0.8125,0.4084174,2025,1.0
RENU.N0000,478,RENUKA CITY HOTELS PLC.,19/OCT/1992,7000000,1.0,,885.0,880.0,880.0,1000.0,1000.0,1000.0,17.5,815.5,770.25,750.0,410.25,1854,807,2359,126580,593618,44,,,,,1596123.2,689498.0,1916679.0,114180552.0,,830.75,,,,889.75,840.0,885.0,6195000000.0,0.07627039,54.25,6.530243755642492,7000000.0,LK0201N00000,229.0,upload_logo/569_1192600579.gif,569.0,569,0.8844697,0.6962484,2025,1.0
COCO.X0000,1521,RENUKA FOODS PLC,06/JUN/1994,14613600,1.0,,26.3,28.5,28.5,68.9,68.9,70.0,7.7,25.5,22.9,20.0,10.0,2069,73596,413795,4698996,13074424,11,,,,,54385.4,1941606.4,10453509.0,234419472.0,,26.3,,,,27.0,26.1,26.3,384337680.0,0.0047318134,0.0,0.0,,LK0220X00009,950.0,upload_logo/461_1414044348.jpeg,461.0,461,0.8125,0.4084174,2025,1.0
RHL.X0000,1481,RENUKA HOLDINGS PLC,10/MAR/2008,24201719,1.0,,40.0,41.7,42.2,46.3,46.3,118.0,7.3,39.8,37.0,34.3,13.2,2101,32682,192353,23303364,35435454,10,,,,,85373.2,1322462.5,7691331.0,980193790.0,,40.5,,,,41.3,40.0,40.0,968068760.0,0.011918479,-0.5,-1.2345679012345678,,LK0355X00003,948.0,upload_logo/Ou2cXXprvQWaAT6r_5Jul2023093116GMT_1688549476409.jpeg,821.0,821,1.9875541,1.476198,2025,1.0
REXP.N0000,164,RICHARD PIERIS EXPORTS PLC,11/OCT/1993,11163745,1.0,,384.5,384.75,394.75,482.0,520.0,1273.75,6.25,375.0,361.25,345.0,345.0,105,1640,12078,242859,826573,5,,,,,40372.5,623073.5,4564379.5,99461640.0,,383.0,,,,384.5,384.5,384.5,4292459952.5,0.052847065,1.5,0.391644908616188,11163745.0,LK0209N00003,2186.0,upload_logo/771_1601622600.jpeg,771.0,771,0.80330086,0.56604666,2025,1.0
RCL.N0000,503,ROYAL CERAMICS LANKA PLC,03/MAY/1994,1107893840,1.0,,47.5,47.9,48.9,54.0,54.0,439.5,2.5,45.9,42.6,39.7,37.0,148217,1279692,4846226,85178421,297511613,95,,,,,6996947.5,60400988.0,218524080.0,4169274110.0,,47.5,,,,47.7,46.7,47.5,52624957400.0,0.6478976,0.0,0.0,1107893840.0,LK0217N00006,651.0,upload_logo/683_1282729788.jpeg,683.0,683,0.6387987,0.64627993,2025,1.0
SAMP.N0000,266,SAMPATH BANK PLC,10/JUN/1987,1172700760,1.0,,148.0,150.25,150.75,167.0,167.0,550.0,8.0,147.5,143.25,143.25,108.25,219562,1030735,5735250,71169255,258999714,716,,,,,32549172.0,153590944.0,851581630.0,11008540700.0,,148.25,,,,149.0,147.75,148.0,173559712480.0,2.1367984,-0.25,-0.16863406408094436,1172700760.0,LK0090N00007,2111.0,upload_logo/431_1601463036.jpeg,431.0,431,1.2705628,0.995744,2025,1.0
HPWR.N0000,1446,RESUS ENERGY PLC,08/OCT/2009,430924135,1.0,,10.0,10.3,10.8,12.2,55.0,55.0,8.8,9.9,9.4,8.8,8.8,30159,261489,1169422,45327084,74497618,28,,,,,303658.5,2622418.8,11679686.0,485676352.0,,10.0,,,,10.2,10.0,10.0,4309241350.0,0.053053673,0.0,0.0,430924135.0,LK0360N00004,2270.0,upload_logo/881_1604034999.jpeg,881.0,881,-0.26488096,-0.26119167,2025,1.0
RPBH.N0000,55,ROYAL PALMS BEACH HOTELS PLC,15/JUN/1998,50000000,1.0,,57.8,60.5,66.0,70.9,95.0,101.0,5.0,54.3,48.7,45.0,31.6,0,4882,34358,608000,8016780,0,,,,,0.0,287070.4,2071530.1,36592764.0,,57.8,,,,,,57.8,2890000000.0,0.035580534,0.0,0.0,50000000.0,LK0307N00005,2172.0,upload_logo/581_1601611404.jpeg,581.0,581,1.2646104,-0.1298865,2025,1.0
RCH.N0000,3938,RENUKA HOTELS PLC,21/NOV/2017,40297530,1.0,,233.5,235.0,236.5,265.0,295.0,295.0,32.1,218.0,195.5,190.0,121.0,2141,2019,5627,2458735,4225995,22,,,,,482198.25,454606.5,1233491.5,578330750.0,,228.25,,,,235.0,222.0,233.5,9409473255.0,0.11584571,5.25,2.3001095290251916,40297530.0,LK0454N00005,1449.0,upload_logo/1631_1511238293.jpeg,1631.0,1631,1.0719697,0.48250315,2025,1.0
RICH.N0000,511,RICHARD PIERIS AND COMPANY PLC,01/JAN/1951,2035038275,1.0,,36.0,37.3,37.3,43.8,50.1,425.0,5.5,35.4,30.6,29.0,23.0,10969,608514,1630221,8943789,71300073,50,,,,,396019.1,22101310.0,56960380.0,315746656.0,,36.6,,,,36.6,35.0,36.0,73261377900.0,0.9019651,-0.6,-1.639344262295082,2035038275.0,LK0143N00004,2243.0,upload_logo/509_1603172545.jpeg,509.0,509,0.9640151,0.5635246,2025,1.0
SIL.N0000,117,SAMSON INTERNATIONAL PLC,22/MAR/1993,4232771,1.0,,492.75,545.75,600.0,770.0,770.0,770.0,10.25,495.0,481.0,301.0,125.0,4726,40492,86287,1684394,1780033,41,,,,,2356425.5,20363532.0,43723940.0,863494910.0,,499.75,,,,520.0,490.0,492.75,2085697910.25,0.025678286,-7.0,-1.4007003501750876,4232771.0,LK0205N00001,331.0,upload_logo/684_1192703973.gif,684.0,684,-0.2965368,-0.334174,2025,1.0
SDB.N0000,2147,SANASA DEVELOPMENT BANK PLC,31/MAY/2012,164166494,1.0,,58.0,61.8,61.8,70.3,70.3,770.0,18.5,57.2,51.1,50.5,33.5,8341,170330,473896,12985220,117474525,10,,,,,483953.5,10113538.0,27316270.0,844526720.0,,58.0,,,,59.0,58.0,58.0,9521656652.0,0.11722686,0.0,0.0,164166494.0,LK0412N00003,2112.0,upload_logo/1182_1601463071.jpeg,1182.0,1182,1.6212121,1.2466898,2025,1.0
SDF.N0000,5291,SARVODAYA DEVELOPMENT FINANCE PLC,14/DEC/2021,149596052,1.0,,40.5,42.3,43.0,47.0,54.4,54.4,9.0,40.0,33.3,31.3,18.1,35,103368,360057,5967067,62540981,4,,,,,1457.9,4253437.5,14419398.0,241451568.0,,40.5,,,,42.0,40.7,40.5,6058640106.0,0.07459158,0.0,0.0,149596052.0,LK0475N00000,2621.0,upload_logo/2567_1639498208.jpeg,2567.0,2567,1.4231602,0.98108447,2025,
SFCL.N0000,1789,SENKADAGALA FINANCE COMPANY PLC,22/MAR/2011,90593826,1.0,,467.25,480.0,499.75,1350.0,1800.0,1800.0,50.0,458.0,415.5,400.0,360.0,824,4260,34854,196955,269901,21,,,,,387235.5,1976765.2,15926529.0,110863256.0,,469.25,,,,472.0,464.0,467.25,42329965198.5,0.52114975,-2.0,-0.42621204049014383,90593826.0,LK0350N00005,2140.0,upload_logo/441_1601464990.jpeg,441.0,441,0.8319805,0.33480453,2025,1.0
SMOT.N0000,479,SATHOSA MOTORS PLC,08/NOV/1993,6033622,1.0,,1199.5,1249.75,1250.0,1823.5,2300.0,2300.0,11.0,1160.0,1000.0,970.0,410.25,711,18572,30524,171470,282797,8,,,,,853172.75,22278758.0,36547648.0,258705648.0,,1199.0,,,,1225.0,1198.75,1199.5,7237329589.0,0.08910313,0.5,0.041701417848206836,6033622.0,LK0211N00009,2113.0,upload_logo/696_1601463159.jpeg,696.0,696,3.6799242,2.6626735,2025,1.0
SHOT.N0000,246,SERENDIB HOTELS PLC,01/JAN/1973,302058952,1.0,,17.5,18.5,19.5,22.5,27.0,185.0,7.3,17.2,16.0,14.7,14.7,10352,98944,311115,3080256,35080790,15,,,,,182757.9,1779957.8,5653419.5,60634744.0,,17.4,,,,18.3,17.3,17.5,5286031660.0,0.065079525,0.1,0.5747126436781609,302058952.0,LK0149N00001,2231.0,upload_logo/601_1603170180.jpeg,601.0,601,1.1098485,0.40589532,2025,1.0
SIRA.N0000,142,SIERRA CABLES PLC,22/NOV/2005,537512430,1.0,,31.1,32.0,32.7,39.2,39.2,39.2,1.0,30.9,27.9,26.2,14.7,242037,1032313,7486898,146046850,912415172,79,,,,,7534104.0,32260304.0,232342784.0,5142688300.0,,31.0,,,,31.7,31.0,31.1,16716636573.0,0.20580861,0.1,0.3225806451612903,537512430.0,LK0351N00003,2193.0,upload_logo/685_1601637927.jpeg,685.0,685,0.94453466,0.3582913,2025,1.0
SIGV.N0000,437,SIGIRIYA VILLAGE HOTELS PLC,01/JAN/1980,90000000,1.0,,14.1,14.8,15.2,155.0,184.0,184.0,4.0,14.1,13.0,11.2,11.2,55799,70372,441900,10765351,12309621,32,,,,,790139.3,1013268.4,6438285.5,187437584.0,,14.1,,,,14.5,14.0,14.1,1269000000.0,0.015623425,0.0,0.0,90000000.0,LK0154N00001,232.0,upload_logo/602_1192601968.gif,602.0,602,1.4862013,0.48534048,2025,1.0
SHOT.X0000,432,SERENDIB HOTELS PLC,01/JAN/1973,144044224,1.0,,13.6,13.9,14.4,16.7,16.7,140.0,3.25,13.2,12.5,12.3,11.2,1,30338,239047,6888898,29737728,1,,,,,13.8,405542.6,3183963.8,103982240.0,,13.6,,,,13.8,13.8,13.6,1959001446.4,0.02411845,0.0,0.0,,LK0149X00000,2231.0,upload_logo/601_1603170180.jpeg,601.0,601,1.1098485,0.40589532,2025,1.0
SEYB.N0000,42,SEYLAN BANK PLC,05/JAN/1989,305236937,1.0,,105.0,105.5,106.0,118.0,118.0,137.25,8.75,103.0,101.25,95.0,69.5,2841,32446,1006561,7526368,54709378,19,,,,,297713.5,3392368.8,104082888.0,816753920.0,,104.75,,,,105.0,104.25,105.0,32049878385.0,0.3945854,0.25,0.2386634844868735,305236937.0,LK0182N00002,3644.0,upload_logo/6OoZ3E8teF5pa4qJ_5Feb2026113246GMT_1770291166161.jpeg,443.0,443,1.8087121,1.4317465,2025,1.0
SEYB.X0000,213,SEYLAN BANK PLC,05/JAN/1989,330410398,1.0,,72.5,73.8,74.0,81.0,84.2,84.2,4.9,72.0,65.9,64.9,48.7,14703,664213,3611283,29735782,114650946,46,,,,,1065488.2,48503164.0,255322848.0,2239287810.0,,72.8,,,,72.6,72.3,72.5,23954753855.0,0.29492143,-0.3,-0.41208791208791207,,LK0182X00001,3644.0,upload_logo/6OoZ3E8teF5pa4qJ_5Feb2026113246GMT_1770291166161.jpeg,443.0,443,1.8087121,1.4317465,2025,1.0
CSD.N0000,505,SEYLAN DEVELOPMENTS PLC,08/FEB/1995,139688298,1.0,,27.6,28.4,28.4,34.2,35.2,35.2,2.0,27.3,25.9,24.3,21.0,6759,49952,355190,4295774,56802109,17,,,,,186069.3,1380007.0,9515888.0,130335920.0,,27.6,,,,27.9,27.4,27.6,3855397024.8,0.04746612,0.0,0.0,139688298.0,LK0234N00001,2115.0,upload_logo/617_1601463238.jpeg,617.0,617,0.8647186,0.5011034,2025,1.0
SLND.N0000,243,SERENDIB LAND PLC,01/JAN/1983,398906,1.0,,1711.5,2000.0,2000.0,2348.0,2348.0,3750.0,55.0,1775.0,1670.0,1611.0,1300.0,43,101,492,10814,187050,9,,,,,85971.0,194172.75,912071.0,20029792.0,,1711.5,,,,2002.0,1998.0,1711.5,682727619.0,0.008405472,0.0,0.0,398906.0,LK0150N00009,281.0,upload_logo/630_1192683179.gif,630.0,630,0.50622296,0.4596469,2025,1.0
SINS.N0000,512,SINGER (SRI LANKA) PLC,01/JAN/1981,1167617912,1.0,,86.0,90.0,92.5,101.0,101.0,250.0,7.4,86.1,76.1,61.5,34.6,71629,577036,9268911,33432216,144532128,104,,,,,6166049.0,50623064.0,793507970.0,2703717630.0,,86.6,,,,87.8,85.9,86.0,100415140432.0,1.2362714,-0.6,-0.6928406466512702,1167617912.0,LK0156N00006,2117.0,upload_logo/772_1601463343.jpeg,772.0,772,1.8030303,1.17686,2025,1.0
SEMB.X0000,357,SMB FINANCE PLC,20/DEC/1993,3081603712,1.0,,0.3,0.3,0.3,0.4,0.5,2.8,0.1,0.2,0.2,0.2,0.2,8055592,2528880,8849159,185702291,1265484333,85,,,,,2415954.8,749064.6,2513417.5,57311664.0,,0.3,,,,0.3,0.2,0.3,924481113.6,0.011381845,0.0,0.0,,LK0215X00009,126.0,upload_logo/445_1192177094.gif,445.0,445,0.36742425,0.2548865,2025,1.0
SEMB.N0000,185,SMB FINANCE PLC,20/DEC/1993,6470375048,1.0,,0.9,0.9,0.9,1.2,1.3,54.5,0.3,0.7,0.7,0.7,0.5,305842,35634695,49176069,601178354,2305430317,36,,,,,262518.4,28600540.0,38669744.0,531940000.0,,0.8,,,,0.9,0.8,0.9,5823337543.2,0.07169463,0.1,12.5,6470375048.0,LK0215N00000,126.0,upload_logo/445_1192177094.gif,445.0,445,0.36742425,0.2548865,2025,1.0
SFIN.N0000,1785,SINGER FINANCE LANKA PLC,17/JAN/2011,277851853,1.0,,49.9,53.5,53.8,66.1,80.0,80.0,7.4,49.0,44.6,38.5,28.1,44521,160385,1100819,7210177,86340703,37,,,,,2202212.0,8116843.5,54928072.0,381328192.0,,49.6,,,,50.0,49.0,49.9,13864807464.7,0.17069802,0.3,0.6048387096774194,277851853.0,LK0373N00007,2118.0,upload_logo/1041_1601463438.jpeg,1041.0,1041,1.849026,1.5089848,2025,1.0
SCAP.N0000,1944,SOFTLOGIC CAPITAL PLC,21/SEP/2011,977187200,1.0,,16.1,18.2,18.2,18.2,18.2,75.0,3.0,16.0,13.5,4.9,4.9,1202929,38530413,105882721,792838475,969593775,196,,,,,19393584.0,654987840.0,1746363140.0,8686856200.0,,16.4,,,,16.5,16.0,16.1,15732713920.0,0.19369493,-0.3,-1.829268292682927,977187200.0,LK0396N00008,2120.0,upload_logo/1100_1601463499.jpeg,1100.0,1100,0.75676405,0.41945145,2025,1.0
SINH.N0000,3307,SINGHE HOSPITALS PLC,21/APR/2015,431300895,1.0,,23.3,24.9,24.9,24.9,24.9,24.9,1.1,22.2,18.9,10.2,2.7,102375,2414829,4326061,72452274,291598016,63,,,,,2387264.8,54213576.0,94676184.0,1286344960.0,,24.0,,,,24.5,22.5,23.3,10049310853.5,0.123723134,-0.7,-2.9166666666666665,431300895.0,LK0440N00004,2119.0,upload_logo/1444_1601463466.jpeg,1444.0,1444,0.81222945,0.7373897,2025,1.0
SLTL.N0000,556,SRI LANKA TELECOM PLC,14/JAN/2003,1804860000,1.0,,87.8,90.0,90.8,107.25,107.25,121.75,10.5,87.0,79.3,76.3,58.0,2300,87563,739751,13929692,45232359,21,,,,,202018.9,7742304.5,64407192.0,1346644220.0,,88.3,,,,88.3,87.5,87.8,158466708000.0,1.9509794,-0.5,-0.5662514156285391,1804860000.0,LK0312N00005,2783.0,upload_logo/390_1645355503.jpeg,390.0,390,0.8538961,0.5636822,2025,1.0
SHL.N0000,1849,SOFTLOGIC HOLDINGS PLC,12/JUL/2011,1395257979,1.0,,17.0,18.9,18.9,18.9,18.9,90.0,5.4,16.3,9.8,5.4,5.4,953312,24704895,75297426,274243702,307453737,231,,,,,16159025.0,433284352.0,1156583680.0,3045980930.0,,17.1,,,,17.2,16.7,17.0,23719385643.0,0.2920237,-0.1,-0.5847953216374269,1395257979.0,LK0386N00009,849.0,upload_logo/1075_1388056466.jpeg,1075.0,1075,0.5367965,0.27868852,2025,1.0
AAIC.N0000,118,SOFTLOGIC LIFE INSURANCE PLC,24/NOV/2000,316406250,1.0,,92.2,97.8,97.8,98.0,98.0,405.0,7.0,90.0,81.2,73.0,64.0,258457,17252020,21021898,37407796,73681829,177,,,,,23778394.0,1565229570.0,1908908800.0,3322509820.0,,92.9,,,,93.5,91.2,92.2,29172656250.0,0.35916218,-0.7,-0.7534983853606028,316406250.0,LK0314N00001,2560.0,upload_logo/364_1637638812.jpeg,364.0,364,1.0484307,0.674338,2025,1.0
CRL.N0000,1041,SOFTLOGIC FINANCE PLC,22/JAN/2009,962573191,1.0,,7.8,9.6,9.6,9.6,9.6,79.0,4.8,7.6,6.1,5.0,4.8,1908817,103026018,153115443,450117220,527799607,247,,,,,15081248.0,877565060.0,1256630780.0,3141398020.0,,8.0,,,,8.2,7.7,7.8,7508070889.8,0.092436396,-0.2,-2.5,962573191.0,LK0358N00008,2254.0,upload_logo/863_1603176008.jpeg,863.0,863,0.14610389,0.13382724,2025,1.0
SING.N0000,153,STANDARD CAPITAL PLC,01/JAN/1983,5540828,1.0,,,0.0,0.0,0.0,110.0,4090.0,2.0,0.0,0.0,0.0,40.1,0,0,0,0,691213,0,,,,,0.0,0.0,0.0,0.0,,,,,,,,0.0,,0.0,,,5540828.0,LK0155N00008,,,,499,1.4128788,1.7529949,2025,1.0
SUN.N0000,238,SUNSHINE HOLDINGS PLC,01/JAN/1983,1967894516,1.0,,32.0,32.4,33.0,37.4,39.6,900.0,7.75,31.5,29.5,26.2,21.6,1120758,1003991,8115220,57211060,531879856,109,,,,,35867716.0,32077222.0,255188432.0,1844008580.0,,31.8,,,,32.3,31.9,32.0,62972624512.0,0.775294,0.2,0.6289308176100629,1967894516.0,LK0160N00008,2124.0,upload_logo/510_1601463649.jpeg,510.0,510,0.4943182,0.27348676,2025,1.0
TESS.N0000,4,TESS AGRO PLC,31/DEC/2002,677063049,1.0,,2.1,2.1,2.2,2.5,2.5,15.25,0.3,1.9,1.7,1.4,1.0,4086693,3341377,12658680,167038510,356805203,183,,,,,8835217.0,6689450.0,25324116.0,341347776.0,,2.0,,,,2.3,2.0,2.1,1421832402.9,0.017505037,0.1,5.0,677063049.0,LK0333N00001,2125.0,upload_logo/781_1601463701.jpeg,781.0,781,1.7362013,0.40368852,2025,1.0
TPL.N0000,477,TALAWAKELLE TEA ESTATES PLC,11/JAN/2000,47500000,1.0,,145.0,148.0,150.0,160.0,180.0,180.0,10.0,141.5,135.75,128.5,128.5,1766,4360,50961,577962,2220290,11,,,,,256395.5,629969.75,7218971.0,81167976.0,,145.75,,,,145.5,143.0,145.0,6887500000.0,0.08479617,-0.75,-0.5145797598627787,47500000.0,LK0311N00007,3304.0,upload_logo/XWr77jtotXuVcPxG_20Jun2024104229GMT_1718880149194.jpeg,726.0,726,0.29220778,0.0759773,2025,1.0
SWAD.N0000,313,SWADESHI INDUSTRIAL WORKS  PLC,01/JAN/1970,149333,1.0,,15000.0,0.0,17958.75,18740.0,18750.0,22800.0,19.5,0.0,15750.0,15030.0,14750.0,0,0,8,61,372,0,,,,,0.0,0.0,133828.75,1053200.5,,15000.0,,,,,,15000.0,2239995000.0,0.027577931,0.0,0.0,149333.0,LK0161N00006,334.0,upload_logo/687_1192705508.gif,687.0,687,0.0,0.0,2025,1.0
TESS.X0000,2997,TESS AGRO PLC,31/DEC/2002,66666667,1.0,,1.5,1.4,1.5,1.7,1.7,2.0,0.2,1.3,1.2,1.0,0.6,3394904,237846,2035111,53693830,141416319,150,,,,,5017479.5,318225.4,2763093.2,74349008.0,,1.4,,,,1.6,1.3,1.5,100000000.5,0.0012311604,0.1,7.142857142857143,,LK0333X00000,2125.0,upload_logo/781_1601463701.jpeg,781.0,781,1.7362013,0.40368852,2025,1.0
TANG.N0000,482,TANGERINE BEACH HOTELS PLC,01/JAN/1983,20000000,1.0,,113.5,118.5,123.75,135.0,164.75,220.0,6.25,110.5,102.0,95.0,68.0,0,2352,6111,106256,1814577,0,,,,,0.0,267364.25,702239.25,12982068.0,,113.5,,,,,,113.5,2270000000.0,0.02794734,0.0,0.0,20000000.0,LK0163N00002,2188.0,upload_logo/605_1601622667.jpeg,605.0,605,0.75919914,0.25677806,2025,1.0
TJL.N0000,1854,TEEJAY LANKA PLC,09/AUG/2011,721457738,1.0,,31.5,32.2,32.2,39.7,51.9,59.0,7.0,31.1,28.2,27.0,27.0,128645,835752,8702303,126685508,214282172,146,,,,,4055182.2,26571654.0,266337408.0,4421862400.0,,32.0,,,,31.8,31.4,31.5,22725918747.0,0.27979252,-0.5,-1.5625,721457738.0,LK0394N00003,3466.0,upload_logo/SlYmHEpBkJ7IGHjb_29May2025075204GMT_1748505124741.png,1080.0,1080,0.2551407,0.12799495,2025,1.0
TSML.N0000,484,TEA SMALLHOLDER FACTORIES PLC,01/AUG/1996,30000000,1.0,,42.2,46.7,47.7,50.5,60.0,300.0,13.0,42.0,40.0,38.0,33.5,2166,74592,118164,952435,7868882,8,,,,,91385.0,3186713.8,5116775.0,42666844.0,,42.1,,,,43.9,42.1,42.2,1266000000.0,0.015586491,0.1,0.2375296912114014,30000000.0,LK0284N00006,145.0,upload_logo/490_1192178811.gif,490.0,490,1.2040043,1.0319988,2025,1.0
TAJ.N0000,468,TAL LANKA HOTELS PLC,01/JAN/1982,171866018,1.0,,36.8,36.9,36.9,41.5,52.0,89.0,2.25,33.7,31.4,30.1,19.5,1255,1295,16187,151517,5658089,12,,,,,45274.5,46834.7,558669.8,5581503.0,,36.6,,,,36.9,35.0,36.8,6324669462.4,0.07786682,0.2,0.546448087431694,171866018.0,LK0162N00004,2255.0,upload_logo/604_1603176032.jpeg,604.0,604,0.86498916,0.61049813,2025,1.0
PARQ.N0000,119,SWISSTEK (CEYLON) PLC,01/JAN/1983,136860000,1.0,,81.2,86.5,86.5,98.9,112.5,176.0,1.0,68.0,68.0,68.0,47.1,10395,203023,753203,9356641,82972264,59,,,,,843693.5,17027284.0,62252036.0,803184830.0,,83.2,,,,82.1,81.0,81.2,11113032000.0,0.13681924,-2.0,-2.4038461538461537,136860000.0,LK0135N00000,2034.0,upload_logo/679_1600926900.jpeg,679.0,679,2.155303,1.2671816,2025,1.0
NEH.N0000,363,THE NUWARA ELIYA HOTELS COMPANY PLC,01/JAN/1974,2186040,1.0,,4508.5,4972.0,5099.0,6750.0,6750.0,6750.0,132.0,4560.0,4356.25,4050.0,2090.5,102,641,1372,8910,92797,11,,,,,459929.0,3001257.0,6451342.0,43154632.0,,4633.75,,,,4570.0,4500.0,4508.5,9855761340.0,0.12134023,-125.25,-2.702994335041813,2186040.0,LK0130N00001,2129.0,upload_logo/566_1601463914.jpeg,566.0,566,1.0779221,0.5948928,2025,1.0
CFLB.N0000,525,THE COLOMBO FORT LAND AND BUILDING PLC,01/JAN/1970,240000000,1.0,,73.0,79.3,85.0,91.0,97.5,580.0,1.75,70.1,68.7,60.5,53.0,11,4509,21005,402049,6948942,2,,,,,825.8,326919.2,1534080.8,31073966.0,,73.0,,,,75.8,75.0,73.0,17520000000.0,0.2156993,0.0,0.0,240000000.0,LK0049N00003,,,,504,1.1247294,0.67528373,2025,1.0
TKYO.N0000,411,TOKYO CEMENT COMPANY (LANKA) PLC,01/JAN/1984,294030000,1.0,,97.8,99.9,99.9,117.5,117.5,340.0,5.25,97.5,88.5,86.0,69.0,21653,91845,4698678,45661733,104287239,49,,,,,2125990.5,9052028.0,421723200.0,4686263300.0,,97.9,,,,99.0,97.8,97.8,28756134000.0,0.35403413,-0.1,-0.10214504596527069,294030000.0,LK0165N00007,2173.0,upload_logo/688_1601611429.jpeg,688.0,688,1.0873917,0.93899745,2025,1.0
AUTO.N0000,306,THE AUTODROME PLC,01/JAN/1975,12000000,1.0,,343.5,347.75,372.0,490.0,490.0,2400.0,53.0,329.25,300.5,205.0,104.5,102,1001,4435,128336,478514,5,,,,,35038.75,331116.75,1514758.2,47334980.0,,329.5,,,,344.5,343.5,343.5,4122000000.0,0.05074843,14.0,4.24886191198786,12000000.0,LK0015N00004,337.0,upload_logo/692_1192707479.gif,692.0,692,1.0064934,0.66566837,2025,1.0
LHCL.N0000,40,THE LANKA HOSPITALS CORPORATION PLC,10/JAN/2003,223732169,1.0,,106.0,110.0,111.0,115.0,115.0,139.0,9.0,104.0,99.6,97.5,74.5,12623,117714,159721,1060292,4614606,27,,,,,1316644.0,12541344.0,16975516.0,112755352.0,,105.25,,,,107.0,103.0,106.0,23715609914.0,0.2919772,0.75,0.7125890736342043,223732169.0,LK0318N00002,2229.0,upload_logo/GHINQ2ckAkcGo4wS_12Jul2023160107GMT_1689177667856.png,516.0,516,0.4629329,0.2985498,2025,1.0
RHTL.N0000,414,THE FORTRESS RESORTS PLC,30/MAR/1999,110886684,1.0,,26.5,26.9,26.9,31.5,37.5,37.5,4.2,24.7,21.8,20.0,20.0,4094,926648,1081272,2411710,17482099,7,,,,,108488.0,24117590.0,27809340.0,61142532.0,,25.0,,,,26.5,25.5,26.5,2938497126.0,0.036177613,1.5,6.0,110886684.0,LK0308N00003,2126.0,upload_logo/534_1601463761.jpeg,534.0,534,0.9496753,0.30091426,2025,1.0
SERV.N0000,253,THE KINGSBURY PLC,01/JAN/1982,484000000,1.0,,16.3,17.0,17.0,22.0,23.8,235.0,5.0,16.4,15.0,13.5,11.0,110685,310928,1589134,32728367,190775317,67,,,,,1818815.8,5148436.0,26071750.0,619821500.0,,16.4,,,,16.9,16.2,16.3,7889200000.0,0.097128704,-0.1,-0.6097560975609756,484000000.0,LK0084N00000,2256.0,upload_logo/543_1603176056.jpeg,543.0,543,0.8549784,0.397541,2025,1.0
KHC.N0000,329,THE KANDY HOTELS COMPANY (1938) PLC,01/JAN/1970,754309253,1.0,,15.9,16.7,17.5,19.1,24.0,365.0,3.1,16.0,14.6,13.0,10.0,56450,35133,274021,3752293,103826061,31,,,,,901523.2,569898.3,4419234.5,63230392.0,,16.1,,,,16.5,15.7,15.9,11993517122.7,0.14765944,-0.2,-1.2422360248447204,754309253.0,LK0095N00006,2127.0,upload_logo/547_1601463820.jpeg,547.0,547,1.0238096,0.65762925,2025,1.0
LHL.N0000,317,THE  LIGHTHOUSE  HOTEL  PLC,29/AUG/1997,46000000,1.0,,79.9,80.0,84.0,87.8,98.0,98.0,5.0,78.1,65.6,62.0,60.0,6,739,8944,83720,6188296,1,,,,,479.4,58806.5,660028.7,6515578.5,,79.9,,,,79.9,79.9,79.9,3675400000.0,0.04525007,0.0,0.0,46000000.0,LK0300N00000,2244.0,upload_logo/562_1603172566.jpeg,562.0,562,0.68641776,0.21941993,2025,1.0
TAFL.N0000,93,THREE ACRE FARMS PLC,20/MAR/1995,23545000,1.0,,660.5,689.0,689.0,780.0,780.0,780.0,5.0,650.0,575.0,518.0,307.0,7262,120460,278642,1734864,6894488,39,,,,,4854999.0,79494376.0,182561536.0,1171009790.0,,671.0,,,,680.0,660.0,660.5,15551472500.0,0.19146357,-10.5,-1.5648286140089418,23545000.0,LK0236N00006,2130.0,upload_logo/491_1601463969.jpeg,491.0,491,1.1685606,0.5,2025,1.0
TKYO.X0000,15,TOKYO CEMENT COMPANY (LANKA) PLC,01/JAN/1984,147015000,1.0,,77.0,79.0,82.8,98.0,98.0,98.0,7.0,77.0,72.0,65.1,59.0,24780,601165,2819170,39551780,132913665,47,,,,,1914467.9,46857724.0,215161744.0,3489305340.0,,77.8,,,,78.0,76.1,77.0,11320155000.0,0.13936926,-0.8,-1.0282776349614395,,LK0165X00006,2173.0,upload_logo/688_1601611429.jpeg,688.0,688,1.0873917,0.93899745,2025,1.0
UBC.N0000,1790,UNION BANK OF COLOMBO PLC,29/MAR/2011,1083558338,1.0,,13.8,14.6,14.6,15.6,18.0,45.0,4.3,13.6,12.9,11.0,9.9,12100,122445,561452,10084912,206414583,37,,,,,167333.8,1701384.0,7667217.0,141986112.0,,13.9,,,,14.0,13.7,13.8,14953105064.4,0.18409671,-0.1,-0.7194244604316546,1083558338.0,LK0306N00007,2230.0,upload_logo/rr4Ed6HnT90HuQz6_30May2024035232GMT_1717041152037.jpeg,1047.0,1047,1.5102813,0.8617591,2025,1.0
UCAR.N0000,278,UNION CHEMICALS LANKA PLC,01/AUG/1988,1500000,1.0,,1750.5,1799.0,1800.0,1875.5,1875.5,1875.5,9.0,1750.0,1609.0,1385.0,785.0,40,144,630,35894,227050,7,,,,,70080.0,253377.5,1092747.5,58102960.0,,1750.5,,,,1770.0,1750.0,1750.5,2625750000.0,0.032327194,0.0,0.0,1500000.0,LK0178N00000,181.0,upload_logo/500_1192515200.gif,500.0,500,0.28760824,0.3302333,2025,1.0
VONE.N0000,1848,VALLIBEL ONE PLC,08/JUL/2011,1138915644,1.0,,100.5,101.0,101.0,115.0,115.0,115.0,10.9,99.4,91.0,87.0,63.5,55644,212513,1493504,16049443,143021536,63,,,,,5589710.5,21276188.0,147008464.0,1665956100.0,,100.0,,,,101.0,100.0,100.5,114461022222.0,1.4091988,0.5,0.5,1138915644.0,LK0389N00003,2133.0,upload_logo/1074_1601464262.jpeg,1074.0,1074,0.6001082,0.5565889,2025,1.0
VPEL.N0000,473,VALLIBEL POWER ERATHNA PLC,16/MAY/2006,747109731,1.0,,15.7,16.1,16.3,17.1,18.4,18.4,1.6,15.5,14.0,13.2,12.8,553108,330501,2300799,20871701,98080195,120,,,,,8592824.0,5226368.5,35154428.0,322970688.0,,15.9,,,,15.9,15.5,15.7,11729622776.7,0.14441046,-0.2,-1.2578616352201257,747109731.0,LK0352N00001,2134.0,upload_logo/454_1601464296.jpeg,454.0,454,1.1066017,0.5802333,2025,1.0
TRAN.N0000,499,TRANS ASIA HOTELS PLC,01/JAN/1983,200000000,1.0,,48.5,51.4,52.0,61.9,69.0,378.0,10.0,48.6,48.2,48.2,39.0,7154,33836,161704,418486,11993391,16,,,,,346128.1,1673378.4,7944916.0,21762072.0,,48.7,,,,48.6,48.3,48.5,9700000000.0,0.119422555,-0.2,-0.4106776180698152,200000000.0,LK0166N00005,2245.0,upload_logo/606_1603172582.jpeg,606.0,606,0.51650435,0.3039092,2025,1.0
UML.N0000,262,UNITED MOTORS LANKA PLC,05/DEC/1989,1009006260,1.0,,34.1,36.0,36.1,377.0,377.0,377.0,10.0,33.5,30.0,26.8,26.8,50389,522342,2217689,44085207,61711079,46,,,,,1715336.4,18021344.0,75282640.0,1975672450.0,,34.0,,,,34.7,33.9,34.1,34407113466.0,0.42360675,0.1,0.29411764705882354,1009006260.0,LK0183N00000,2132.0,upload_logo/697_1601464236.jpeg,697.0,697,1.4420996,0.60104036,2025,1.0
UAL.N0000,425,UNION ASSURANCE PLC,29/JUL/1988,589285720,1.0,,76.2,76.9,76.9,83.2,86.5,405.0,8.0,70.1,70.0,60.0,52.1,26418,93975,475931,3471956,17089712,33,,,,,1986615.1,7046868.5,35295936.0,263697456.0,,75.0,,,,76.8,75.0,76.2,44903571864.0,0.552835,1.2,1.6,589285720.0,LK0179N00008,2131.0,upload_logo/450_1601464021.jpeg,450.0,450,1.0221862,0.59300125,2025,1.0
UDPL.N0000,561,UDAPUSSELLAWA  PLANTATIONS PLC,04/MAY/1998,19398850,1.0,,151.0,160.0,160.0,171.0,194.75,194.75,5.75,150.0,134.0,131.0,115.0,84,4731,8125,151914,1096204,1,,,,,12684.0,729391.25,1238111.0,23950870.0,,151.0,,,,151.0,151.0,151.0,2929226350.0,0.036063474,0.0,0.0,19398850.0,LK0287N00009,387.0,upload_logo/727_1192788842.gif,727.0,727,0.74891776,0.52884614,2025,1.0
VFIN.N0000,1563,VALLIBEL FINANCE PLC,04/MAY/2010,235453400,1.0,,96.1,99.0,99.0,112.0,128.75,194.5,21.0,96.0,91.7,83.5,62.6,4194,187442,462457,10887615,59391210,34,,,,,403376.8,18256838.0,44472476.0,1118839810.0,,96.8,,,,99.0,95.1,96.1,22627071740.0,0.27857554,-0.7,-0.7231404958677686,264885075.0,LK0364N00006,2247.0,upload_logo/949_1603173391.jpeg,949.0,949,1.1212121,0.64517653,2025,1.0
UBF.N0000,5732,UB FINANCE PLC,14/AUG/2023,3178485367,1.0,,2.9,3.0,3.0,3.7,4.5,4.5,0.5,2.8,2.6,2.4,0.6,374588,2679424,12102730,295334721,1109202091,35,,,,,1063000.2,7645282.0,34735764.0,918247550.0,,2.9,,,,2.9,2.8,2.9,9217607564.3,0.11348353,0.0,0.0,3178485367.0,LK0488N00003,3364.0,upload_logo/VnqqltHyDgNeTEjy_9Sep2024035533GMT_1725854133227.jpeg,2998.0,2998,1.4131494,0.8921816,2025,
WATA.N0000,148,WATAWALA  PLANTATIONS  PLC,01/DEC/1997,1016543165,1.0,,46.2,47.9,47.9,49.8,54.5,330.0,6.4,44.4,41.0,36.7,28.0,87263,632767,1705968,13509379,114553951,188,,,,,4038110.5,29318248.0,76037608.0,597154620.0,,47.0,,,,46.9,45.9,46.2,46964294223.0,0.57820576,-0.8,-1.702127659574468,1016543165.0,LK0246N00005,2137.0,upload_logo/728_1601464378.jpeg,728.0,728,0.58630955,0.27332914,2025,1.0
WIND.N0000,4887,WINDFORCE PLC,22/APR/2021,1354463889,1.0,,46.9,47.5,47.5,52.0,56.1,56.1,13.1,45.8,44.1,36.0,23.5,9360,325869,1337104,12281198,59891986,41,,,,,436676.5,15195694.0,61478572.0,569668220.0,,46.7,,,,47.0,46.0,46.9,63524356394.1,0.78208673,0.2,0.4282655246252677,1354463889.0,LK0461N00000,2353.0,upload_logo/2173_1621840165.jpeg,2173.0,2173,0.42207792,0.0398802,2025,1.0
VLL.X0000,5005,VIDULLANKA PLC,10/JUN/2005,82113575,1.0,,18.8,19.2,19.2,20.7,23.5,23.5,3.9,18.6,17.0,15.0,9.4,48942,34836,92374,1273800,11937539,10,,,,,924160.8,652790.4,1693102.6,23027342.0,,18.6,,,,19.0,18.8,18.8,1543735210.0,0.019005856,0.2,1.075268817204301,,LK0347X00000,2135.0,upload_logo/455_1601464327.jpeg,455.0,455,0.66964287,0.21721311,2025,1.0
YORK.N0000,180,YORK ARCADE HOLDINGS PLC,01/MAY/1985,150000000,1.0,,14.9,15.5,15.7,25.8,935.0,935.0,4.5,14.8,13.5,4.9,4.9,24694,314323,1635546,110957124,111524622,36,,,,,368635.5,4744668.0,24247504.0,1694748290.0,,14.9,,,,15.1,14.9,14.9,2235000000.0,0.027516434,0.0,0.0,150000000.0,LK0171N00005,,,,641,0.000541125,0.026166456,2025,1.0
CITW.N0000,1971,WASKADUWA BEACH RESORT PLC,03/JAN/2012,936683988,1.0,,1.9,2.1,2.1,2.2,2.4,17.0,1.2,1.9,1.7,1.7,1.7,205650,15834888,40240309,139060062,666646027,35,,,,,395185.5,31972372.0,80171672.0,275416576.0,,2.0,,,,2.0,1.9,1.9,1779699577.2,0.021910956,-0.1,-5.0,936683988.0,LK0405N00007,2136.0,upload_logo/1106_1601464353.jpeg,1106.0,1106,-0.53814936,-0.36995587,2025,1.0
WLTH.N0000,6857,WEALTHTRUST SECURITIES PLC,07/JAN/2026,1225052939,1.0,,13.8,14.0,14.1,19.8,19.8,19.8,12.0,13.8,12.9,12.0,12.0,62876,372445,1669427,102013474,101980342,84,,,,,866383.6,5174484.5,23041686.0,1763653890.0,,13.8,,,,13.9,13.7,13.8,16905730558.2,0.20813666,0.0,0.0,1225052939.0,LK0510N00004,3744.0,upload_logo/6JlwF7SSHFQHvh2x_16Apr2026045013GMT_1776315013298.png,3479.0,3479,,,,
VLL.N0000,300,VIDULLANKA PLC,10/JUN/2005,951421699,1.0,,23.0,23.4,23.7,25.2,31.0,69.75,3.4,22.7,20.8,18.5,13.0,35246,187963,843627,10479380,41711455,29,,,,,810986.1,4295160.5,19438564.0,239529248.0,,22.9,,,,23.5,22.9,23.0,21882699077.0,0.26941112,0.1,0.4366812227074236,951421699.0,LK0347N00001,2135.0,upload_logo/455_1601464327.jpeg,455.0,455,0.66964287,0.21721311,2025,1.0
